timeOpen;timeClose;timeHigh;timeLow;name;open;high;low;close;volume;marketCap;timestamp
"2025-05-26T00:00:00.000Z";"2025-05-26T23:59:59.999Z";"2025-05-26T08:08:00.000Z";"2025-05-26T20:06:00.000Z";"2781";0.1881946319;0.1930517337;0.1847808689;0.1858803226;127941339.77;7851540302.93;"2025-05-26T23:59:59.999Z"
"2025-05-25T00:00:00.000Z";"2025-05-25T23:59:59.999Z";"2025-05-25T06:05:00.000Z";"2025-05-25T15:28:00.000Z";"2781";0.1885264666;0.1901727062;0.1809148454;0.1881992097;138495111.83;7949489536.09;"2025-05-25T23:59:59.999Z"
"2025-05-24T00:00:00.000Z";"2025-05-24T23:59:59.999Z";"2025-05-24T04:59:00.000Z";"2025-05-24T23:10:00.000Z";"2781";0.1900910152;0.1936229917;0.187397932;0.188524017;117751630.48;7963274305.87;"2025-05-24T23:59:59.999Z"
"2025-05-23T00:00:00.000Z";"2025-05-23T23:59:59.999Z";"2025-05-23T02:40:00.000Z";"2025-05-23T23:44:00.000Z";"2781";0.2045802335;0.2088380605;0.189339838;0.1900926365;269239688.36;8029467432.7;"2025-05-23T23:59:59.999Z"
"2025-05-22T00:00:00.000Z";"2025-05-22T23:59:59.999Z";"2025-05-22T19:16:00.000Z";"2025-05-22T01:51:00.000Z";"2781";0.1981683999;0.2056502009;0.1975662863;0.2045752101;216503720.2;8641207871.79;"2025-05-22T23:59:59.999Z"
"2025-05-21T00:00:00.000Z";"2025-05-21T23:59:59.999Z";"2025-05-21T16:49:00.000Z";"2025-05-21T17:58:00.000Z";"2781";0.1949438195;0.202136957;0.1927886771;0.198159526;217894810.33;8370210912.44;"2025-05-21T23:59:59.999Z"
"2025-05-20T00:00:00.000Z";"2025-05-20T23:59:59.999Z";"2025-05-20T02:30:00.000Z";"2025-05-20T19:00:00.000Z";"2781";0.1939140806;0.1981884894;0.190517204;0.1949438195;154647001.19;8234380240.68;"2025-05-20T23:59:59.999Z"
"2025-05-19T00:00:00.000Z";"2025-05-19T23:59:59.999Z";"2025-05-19T00:10:00.000Z";"2025-05-19T12:58:00.000Z";"2781";0.1972837245;0.1974810737;0.184857537;0.1939159661;178369322.83;8190884314.98;"2025-05-19T23:59:59.999Z"
"2025-05-18T00:00:00.000Z";"2025-05-18T23:59:59.999Z";"2025-05-18T16:13:00.000Z";"2025-05-18T20:07:00.000Z";"2781";0.1910121706;0.2004341619;0.1880375284;0.1974031115;178059938.81;8333217269.44;"2025-05-18T23:59:59.999Z"
"2025-05-17T00:00:00.000Z";"2025-05-17T23:59:59.999Z";"2025-05-17T00:10:00.000Z";"2025-05-17T16:52:00.000Z";"2781";0.1954725396;0.1957003702;0.1872988221;0.1910121706;154791797.98;8068308335.33;"2025-05-17T23:59:59.999Z"
"2025-05-16T00:00:00.000Z";"2025-05-16T23:59:59.999Z";"2025-05-16T14:00:00.000Z";"2025-05-16T22:52:00.000Z";"2781";0.1976772269;0.2015771398;0.1940812401;0.1954713966;176486529.78;8256664970.09;"2025-05-16T23:59:59.999Z"
"2025-05-15T00:00:00.000Z";"2025-05-15T23:59:59.999Z";"2025-05-15T00:56:00.000Z";"2025-05-15T14:51:00.000Z";"2781";0.2061342252;0.2077215194;0.1938850397;0.1976757363;272351812.08;8349775752.34;"2025-05-15T23:59:59.999Z"
"2025-05-14T00:00:00.000Z";"2025-05-14T23:59:59.999Z";"2025-05-14T00:25:00.000Z";"2025-05-14T17:19:00.000Z";"2781";0.216424886;0.2165261064;0.2042722977;0.2061338893;270563790.4;8706855287.02;"2025-05-14T23:59:59.999Z"
"2025-05-13T00:00:00.000Z";"2025-05-13T23:59:59.999Z";"2025-05-13T19:49:00.000Z";"2025-05-13T04:01:00.000Z";"2781";0.2152636369;0.2184268018;0.201333224;0.2164207672;339737305.07;9141534992.6;"2025-05-13T23:59:59.999Z"
"2025-05-12T00:00:00.000Z";"2025-05-12T23:59:59.999Z";"2025-05-12T13:22:00.000Z";"2025-05-12T01:43:00.000Z";"2781";0.2064143063;0.2275870802;0.2051648828;0.2152741454;605147334.03;9092929053.86;"2025-05-12T23:59:59.999Z"
"2025-05-11T00:00:00.000Z";"2025-05-11T23:59:59.999Z";"2025-05-11T00:12:00.000Z";"2025-05-11T16:17:00.000Z";"2781";0.2193533059;0.2205479079;0.2018047438;0.206409631;279812001.48;8718502292.88;"2025-05-11T23:59:59.999Z"
"2025-05-10T00:00:00.000Z";"2025-05-10T23:59:59.999Z";"2025-05-10T23:59:00.000Z";"2025-05-10T00:58:00.000Z";"2781";0.2022448365;0.2194348807;0.2009333872;0.2193461337;330466795.87;9264925094.74;"2025-05-10T23:59:59.999Z"
"2025-05-09T00:00:00.000Z";"2025-05-09T23:59:59.999Z";"2025-05-09T08:38:00.000Z";"2025-05-09T03:59:00.000Z";"2781";0.1949522434;0.2061235392;0.1930217065;0.2022467378;344720324.14;8542666537.64;"2025-05-09T23:59:59.999Z"
"2025-05-08T00:00:00.000Z";"2025-05-08T23:59:59.999Z";"2025-05-08T21:25:00.000Z";"2025-05-08T00:47:00.000Z";"2781";0.1757703919;0.1966406512;0.1750906103;0.1949522434;257397723.28;8234555591.76;"2025-05-08T23:59:59.999Z"
"2025-05-07T00:00:00.000Z";"2025-05-07T23:59:59.999Z";"2025-05-07T09:07:00.000Z";"2025-05-07T16:31:00.000Z";"2781";0.1770270318;0.1780865447;0.1728075476;0.1757701769;124628819.54;7424327454.06;"2025-05-07T23:59:59.999Z"
"2025-05-06T00:00:00.000Z";"2025-05-06T23:59:59.999Z";"2025-05-06T23:46:00.000Z";"2025-05-06T13:55:00.000Z";"2781";0.1735590165;0.177357134;0.169600899;0.1770396298;169191135.84;7477947666.02;"2025-05-06T23:59:59.999Z"
"2025-05-05T00:00:00.000Z";"2025-05-05T23:59:59.999Z";"2025-05-05T06:01:00.000Z";"2025-05-05T20:38:00.000Z";"2781";0.1762001865;0.178154253;0.171931697;0.1735598059;136059418.32;7330963961.83;"2025-05-05T23:59:59.999Z"
"2025-05-04T00:00:00.000Z";"2025-05-04T23:59:59.999Z";"2025-05-04T02:07:00.000Z";"2025-05-04T17:38:00.000Z";"2781";0.1804005458;0.1843389111;0.1759518642;0.1761895214;120996497.87;7442490558.08;"2025-05-04T23:59:59.999Z"
"2025-05-03T00:00:00.000Z";"2025-05-03T23:59:59.999Z";"2025-05-03T00:04:00.000Z";"2025-05-03T17:22:00.000Z";"2781";0.1869209285;0.1872256828;0.1796268143;0.1804007424;101762568.57;7619917147.16;"2025-05-03T23:59:59.999Z"
"2025-05-02T00:00:00.000Z";"2025-05-02T23:59:59.999Z";"2025-05-02T03:09:00.000Z";"2025-05-02T19:52:00.000Z";"2781";0.1861840679;0.1905019148;0.1839329826;0.1869209285;156709765.23;7895322208.69;"2025-05-02T23:59:59.999Z"
"2025-05-01T00:00:00.000Z";"2025-05-01T23:59:59.999Z";"2025-05-01T16:47:00.000Z";"2025-05-01T00:05:00.000Z";"2781";0.1821191918;0.1917594603;0.1817435752;0.1861792343;162006903.65;7863993909.48;"2025-05-01T23:59:59.999Z"
"2025-04-30T00:00:00.000Z";"2025-04-30T23:59:59.999Z";"2025-04-30T05:02:00.000Z";"2025-04-30T14:01:00.000Z";"2781";0.1863309368;0.1884350119;0.1763576033;0.1821178949;206576260.53;7692447666.68;"2025-04-30T23:59:59.999Z"
"2025-04-29T00:00:00.000Z";"2025-04-29T23:59:59.999Z";"2025-04-29T01:13:00.000Z";"2025-04-29T23:13:00.000Z";"2781";0.1907336886;0.1917001826;0.1837674332;0.1863382757;152665051.64;7870711632.23;"2025-04-29T23:59:59.999Z"
"2025-04-28T00:00:00.000Z";"2025-04-28T23:59:59.999Z";"2025-04-28T07:34:00.000Z";"2025-04-28T01:44:00.000Z";"2781";0.1905781215;0.1988648873;0.1860064765;0.1907326357;239790288.38;8056324277.85;"2025-04-28T23:59:59.999Z"
"2025-04-27T00:00:00.000Z";"2025-04-27T23:59:59.999Z";"2025-04-27T01:01:00.000Z";"2025-04-27T16:37:00.000Z";"2781";0.1916908269;0.1939510858;0.1851391645;0.190576374;162320210.82;8049723970.41;"2025-04-27T23:59:59.999Z"
"2025-04-26T00:00:00.000Z";"2025-04-26T23:59:59.999Z";"2025-04-26T07:46:00.000Z";"2025-04-26T14:25:00.000Z";"2781";0.1923938754;0.1975853162;0.1903758589;0.1916998105;150402644.82;8097176619.34;"2025-04-26T23:59:59.999Z"
"2025-04-25T00:00:00.000Z";"2025-04-25T23:59:59.999Z";"2025-04-25T14:57:00.000Z";"2025-04-25T02:58:00.000Z";"2781";0.1883327515;0.2016968928;0.1843003503;0.1923900683;327135269.18;8126332301.95;"2025-04-25T23:59:59.999Z"
"2025-04-24T00:00:00.000Z";"2025-04-24T23:59:59.999Z";"2025-04-24T15:46:00.000Z";"2025-04-24T08:50:00.000Z";"2781";0.1803982998;0.1885930367;0.1758225651;0.1883322699;268403085.82;7953017804.74;"2025-04-24T23:59:59.999Z"
"2025-04-23T00:00:00.000Z";"2025-04-23T23:59:59.999Z";"2025-04-23T13:36:00.000Z";"2025-04-23T15:30:00.000Z";"2781";0.1813508603;0.1889352619;0.1779491767;0.1803982584;273896452.82;7617976946.54;"2025-04-23T23:59:59.999Z"
"2025-04-22T00:00:00.000Z";"2025-04-22T23:59:59.999Z";"2025-04-22T23:14:00.000Z";"2025-04-22T00:38:00.000Z";"2781";0.1693713813;0.1821709935;0.1680656787;0.1813508603;206861335.6;7658202288.13;"2025-04-22T23:59:59.999Z"
"2025-04-21T00:00:00.000Z";"2025-04-21T23:59:59.999Z";"2025-04-21T09:08:00.000Z";"2025-04-21T00:00:00.000Z";"2781";0.1660179386;0.1738599099;0.1659985948;0.1693830654;184263546.39;7152818451.23;"2025-04-21T23:59:59.999Z"
"2025-04-20T00:00:00.000Z";"2025-04-20T23:59:59.999Z";"2025-04-20T20:25:00.000Z";"2025-04-20T13:19:00.000Z";"2781";0.1668527891;0.1686672612;0.160988666;0.1660199382;96251097.68;7010798120.53;"2025-04-20T23:59:59.999Z"
"2025-04-19T00:00:00.000Z";"2025-04-19T23:59:59.999Z";"2025-04-19T05:07:00.000Z";"2025-04-19T13:22:00.000Z";"2781";0.1650924976;0.1676145558;0.1644292534;0.1668467599;86940925.6;7045713688.43;"2025-04-19T23:59:59.999Z"
"2025-04-18T00:00:00.000Z";"2025-04-18T23:59:59.999Z";"2025-04-18T12:44:00.000Z";"2025-04-18T00:55:00.000Z";"2781";0.1628773544;0.1665329943;0.1620471355;0.1650924976;113996684.69;6971633555.11;"2025-04-18T23:59:59.999Z"
"2025-04-17T00:00:00.000Z";"2025-04-17T23:59:59.999Z";"2025-04-17T18:27:00.000Z";"2025-04-17T03:32:00.000Z";"2781";0.1573960096;0.1656499261;0.1563834412;0.1628773544;171248593.92;6878091048.34;"2025-04-17T23:59:59.999Z"
"2025-04-16T00:00:00.000Z";"2025-04-16T23:59:59.999Z";"2025-04-16T15:28:00.000Z";"2025-04-16T18:03:00.000Z";"2781";0.1569593559;0.1604561741;0.1545179952;0.1573960096;213727298.05;6646621244.84;"2025-04-16T23:59:59.999Z"
"2025-04-15T00:00:00.000Z";"2025-04-15T23:59:59.999Z";"2025-04-15T10:04:00.000Z";"2025-04-15T23:46:00.000Z";"2781";0.165114232;0.1680725799;0.1566937687;0.1569593559;180881676.92;6628181948.72;"2025-04-15T23:59:59.999Z"
"2025-04-14T00:00:00.000Z";"2025-04-14T23:59:59.999Z";"2025-04-14T02:37:00.000Z";"2025-04-14T15:53:00.000Z";"2781";0.1653261145;0.1718466015;0.1626409106;0.1651159561;258308528.25;6972624178.16;"2025-04-14T23:59:59.999Z"
"2025-04-13T00:00:00.000Z";"2025-04-13T23:59:59.999Z";"2025-04-13T00:00:00.000Z";"2025-04-13T23:02:00.000Z";"2781";0.1776047475;0.1776047475;0.1638631168;0.1653251489;227117031.26;6981458105.72;"2025-04-13T23:59:59.999Z"
"2025-04-12T00:00:00.000Z";"2025-04-12T23:59:59.999Z";"2025-04-12T23:58:00.000Z";"2025-04-12T04:13:00.000Z";"2781";0.1675127329;0.1779155217;0.1656075334;0.1776047475;253362782.51;7500008997.32;"2025-04-12T23:59:59.999Z"
"2025-04-11T00:00:00.000Z";"2025-04-11T23:59:59.999Z";"2025-04-11T10:37:00.000Z";"2025-04-11T16:28:00.000Z";"2781";0.1675428226;0.1762352701;0.1649158366;0.1675127329;386977288.18;7073836828.62;"2025-04-11T23:59:59.999Z"
"2025-04-10T00:00:00.000Z";"2025-04-10T23:59:59.999Z";"2025-04-10T13:23:00.000Z";"2025-04-10T04:39:00.000Z";"2781";0.168585137;0.1771422651;0.1636209331;0.167542823;404951402.65;7075107491.37;"2025-04-10T23:59:59.999Z"
"2025-04-09T00:00:00.000Z";"2025-04-09T23:59:59.999Z";"2025-04-09T18:02:00.000Z";"2025-04-09T01:28:00.000Z";"2781";0.145967696;0.1757050674;0.1425439837;0.16858415;683291923.09;7119081328.38;"2025-04-09T23:59:59.999Z"
"2025-04-08T00:00:00.000Z";"2025-04-08T23:59:59.999Z";"2025-04-08T13:34:00.000Z";"2025-04-08T23:31:00.000Z";"2781";0.1524540869;0.1659083633;0.1455448895;0.145967696;476783279.11;6164018971.93;"2025-04-08T23:59:59.999Z"
"2025-04-07T00:00:00.000Z";"2025-04-07T23:59:59.999Z";"2025-04-07T22:58:00.000Z";"2025-04-07T06:56:00.000Z";"2781";0.1396639053;0.1542970155;0.1262717525;0.1524557082;565654965.16;6437998977.53;"2025-04-07T23:59:59.999Z"
"2025-04-06T00:00:00.000Z";"2025-04-06T23:59:59.999Z";"2025-04-06T01:32:00.000Z";"2025-04-06T23:25:00.000Z";"2781";0.1620683408;0.1626489587;0.1359253132;0.1396619061;244768847.27;5897685648.94;"2025-04-06T23:59:59.999Z"
"2025-04-05T00:00:00.000Z";"2025-04-05T23:59:59.999Z";"2025-04-05T01:31:00.000Z";"2025-04-05T13:55:00.000Z";"2781";0.1642046301;0.1649175418;0.1589158071;0.1620935833;105411954.46;6844937368.37;"2025-04-05T23:59:59.999Z"
"2025-04-04T00:00:00.000Z";"2025-04-04T23:59:59.999Z";"2025-04-04T17:53:00.000Z";"2025-04-04T11:31:00.000Z";"2781";0.1623595722;0.1672287771;0.1574373705;0.164206019;309123145.93;6934141945.63;"2025-04-04T23:59:59.999Z"
"2025-04-03T00:00:00.000Z";"2025-04-03T23:59:59.999Z";"2025-04-03T03:26:00.000Z";"2025-04-03T15:07:00.000Z";"2781";0.1614854747;0.1666540333;0.1537301876;0.1623595722;288510922.03;6854825346.36;"2025-04-03T23:59:59.999Z"
"2025-04-02T00:00:00.000Z";"2025-04-02T23:59:59.999Z";"2025-04-02T20:19:00.000Z";"2025-04-02T23:04:00.000Z";"2781";0.1701319071;0.1802865371;0.1582784887;0.1615177985;358576449.3;6819285640.93;"2025-04-02T23:59:59.999Z"
"2025-04-01T00:00:00.000Z";"2025-04-01T23:59:59.999Z";"2025-04-01T16:19:00.000Z";"2025-04-01T01:45:00.000Z";"2781";0.1631762606;0.1758021566;0.1619027113;0.1701319071;227007727.97;7182973526.66;"2025-04-01T23:59:59.999Z"
"2025-03-31T00:00:00.000Z";"2025-03-31T23:59:59.999Z";"2025-03-31T00:14:00.000Z";"2025-03-31T09:58:00.000Z";"2781";0.1676126957;0.1678724037;0.1564594597;0.1631762606;258611919.74;6889305952.99;"2025-03-31T23:59:59.999Z"
"2025-03-30T00:00:00.000Z";"2025-03-30T23:59:59.999Z";"2025-03-30T03:38:00.000Z";"2025-03-30T23:34:00.000Z";"2781";0.1720045147;0.1750826785;0.1668809158;0.1676117714;139369879.43;7076573332.7;"2025-03-30T23:59:59.999Z"
"2025-03-29T00:00:00.000Z";"2025-03-29T23:59:59.999Z";"2025-03-29T00:45:00.000Z";"2025-03-29T17:23:00.000Z";"2781";0.1819071868;0.1832908669;0.1670922734;0.1720056799;229934511.62;7262035069.14;"2025-03-29T23:59:59.999Z"
"2025-03-28T00:00:00.000Z";"2025-03-28T23:59:59.999Z";"2025-03-28T01:46:00.000Z";"2025-03-28T19:52:00.000Z";"2781";0.1933983338;0.1946026115;0.1798970985;0.1818981659;213618167.72;7679745278;"2025-03-28T23:59:59.999Z"
"2025-03-27T00:00:00.000Z";"2025-03-27T23:59:59.999Z";"2025-03-27T03:02:00.000Z";"2025-03-27T13:49:00.000Z";"2781";0.1915811886;0.1967795518;0.1878711921;0.1933971444;170315329.09;8165111305.09;"2025-03-27T23:59:59.999Z"
"2025-03-26T00:00:00.000Z";"2025-03-26T23:59:59.999Z";"2025-03-26T12:10:00.000Z";"2025-03-26T19:17:00.000Z";"2781";0.1948783833;0.2009568556;0.1899585003;0.1915811886;219928355.07;8088442738.53;"2025-03-26T23:59:59.999Z"
"2025-03-25T00:00:00.000Z";"2025-03-25T23:59:59.999Z";"2025-03-25T13:35:00.000Z";"2025-03-25T03:52:00.000Z";"2781";0.192893904;0.2009298121;0.1914279565;0.1948783833;221145369.88;8227648319.87;"2025-03-25T23:59:59.999Z"
"2025-03-24T00:00:00.000Z";"2025-03-24T23:59:59.999Z";"2025-03-24T20:19:00.000Z";"2025-03-24T01:37:00.000Z";"2781";0.1856993449;0.195626366;0.1839991132;0.192893904;222236276.89;8143864797.43;"2025-03-24T23:59:59.999Z"
"2025-03-23T00:00:00.000Z";"2025-03-23T23:59:59.999Z";"2025-03-23T23:59:00.000Z";"2025-03-23T17:46:00.000Z";"2781";0.1824412074;0.1856905778;0.1806424798;0.1856905778;164929695.85;7839733866.52;"2025-03-23T23:59:59.999Z"
"2025-03-22T00:00:00.000Z";"2025-03-22T23:59:59.999Z";"2025-03-22T09:49:00.000Z";"2025-03-22T23:14:00.000Z";"2781";0.184421972;0.1860830002;0.1816400467;0.182440325;147207764.06;7702558222.19;"2025-03-22T23:59:59.999Z"
"2025-03-21T00:00:00.000Z";"2025-03-21T23:59:59.999Z";"2025-03-21T00:13:00.000Z";"2025-03-21T16:04:00.000Z";"2781";0.1898476399;0.1912335317;0.1821766919;0.184421972;163270533.79;7786184914.64;"2025-03-21T23:59:59.999Z"
"2025-03-20T00:00:00.000Z";"2025-03-20T23:59:59.999Z";"2025-03-20T00:15:00.000Z";"2025-03-20T16:47:00.000Z";"2781";0.1974959893;0.1990118792;0.1875482704;0.1898503813;227046281.94;8015253356.42;"2025-03-20T23:59:59.999Z"
"2025-03-19T00:00:00.000Z";"2025-03-19T23:59:59.999Z";"2025-03-19T22:47:00.000Z";"2025-03-19T02:07:00.000Z";"2781";0.1885498423;0.1981512353;0.1862989906;0.1974748542;301597299.04;8337269763.89;"2025-03-19T23:59:59.999Z"
"2025-03-18T00:00:00.000Z";"2025-03-18T23:59:59.999Z";"2025-03-18T00:00:00.000Z";"2025-03-18T18:35:00.000Z";"2781";0.1916528524;0.1916528524;0.1824731801;0.1885498423;187394999.16;7960461120.42;"2025-03-18T23:59:59.999Z"
"2025-03-17T00:00:00.000Z";"2025-03-17T23:59:59.999Z";"2025-03-17T04:16:00.000Z";"2025-03-17T00:02:00.000Z";"2781";0.1851983547;0.1956410194;0.1848336827;0.1916540605;289292128.68;8091519349.34;"2025-03-17T23:59:59.999Z"
"2025-03-16T00:00:00.000Z";"2025-03-16T23:59:59.999Z";"2025-03-16T00:38:00.000Z";"2025-03-16T23:10:00.000Z";"2781";0.1927053932;0.19483575;0.182333108;0.1852018909;271502752.44;7819112620.94;"2025-03-16T23:59:59.999Z"
"2025-03-15T00:00:00.000Z";"2025-03-15T23:59:59.999Z";"2025-03-15T00:52:00.000Z";"2025-03-15T19:07:00.000Z";"2781";0.1918852186;0.1970106605;0.1904600654;0.1927055681;223717312.75;8135913368.18;"2025-03-15T23:59:59.999Z"
"2025-03-14T00:00:00.000Z";"2025-03-14T23:59:59.999Z";"2025-03-14T15:43:00.000Z";"2025-03-14T01:25:00.000Z";"2781";0.1892502042;0.198502887;0.1878814562;0.1918894914;309365662.77;8101110112.02;"2025-03-14T23:59:59.999Z"
"2025-03-13T00:00:00.000Z";"2025-03-13T23:59:59.999Z";"2025-03-13T12:31:00.000Z";"2025-03-13T20:52:00.000Z";"2781";0.2009595556;0.2020447759;0.1842786438;0.1892502042;418932757.38;7989685789.6;"2025-03-13T23:59:59.999Z"
"2025-03-12T00:00:00.000Z";"2025-03-12T23:59:59.999Z";"2025-03-12T12:43:00.000Z";"2025-03-12T15:10:00.000Z";"2781";0.1958067339;0.2143275297;0.1933051912;0.2009595556;605417093.86;8484026278.67;"2025-03-12T23:59:59.999Z"
"2025-03-11T00:00:00.000Z";"2025-03-11T23:59:59.999Z";"2025-03-11T19:52:00.000Z";"2025-03-11T01:31:00.000Z";"2781";0.1894286995;0.2035004106;0.1807259931;0.1958067339;633052141.25;8266486615.36;"2025-03-11T23:59:59.999Z"
"2025-03-10T00:00:00.000Z";"2025-03-10T23:59:59.999Z";"2025-03-10T09:28:00.000Z";"2025-03-10T19:01:00.000Z";"2781";0.1992385015;0.2172885599;0.188490814;0.1894349049;486936638.21;7997483406.57;"2025-03-10T23:59:59.999Z"
"2025-03-09T00:00:00.000Z";"2025-03-09T23:59:59.999Z";"2025-03-09T00:19:00.000Z";"2025-03-09T23:53:00.000Z";"2781";0.2266534709;0.2308282644;0.1984432414;0.1992692705;362384006.78;8411367539.58;"2025-03-09T23:59:59.999Z"
"2025-03-08T00:00:00.000Z";"2025-03-08T23:59:59.999Z";"2025-03-08T01:04:00.000Z";"2025-03-08T17:19:00.000Z";"2781";0.2326242231;0.2353424723;0.2229272972;0.2266432063;268708260.48;9568327878.42;"2025-03-08T23:59:59.999Z"
"2025-03-07T00:00:00.000Z";"2025-03-07T23:59:59.999Z";"2025-03-07T13:50:00.000Z";"2025-03-07T00:56:00.000Z";"2781";0.2379413578;0.2570815319;0.2251707425;0.232626842;759487040.33;9820831939.84;"2025-03-07T23:59:59.999Z"
"2025-03-06T00:00:00.000Z";"2025-03-06T23:59:59.999Z";"2025-03-06T05:22:00.000Z";"2025-03-06T18:43:00.000Z";"2781";0.2491283088;0.2548996671;0.2346154515;0.2379413578;411632450.79;10045308504.78;"2025-03-06T23:59:59.999Z"
"2025-03-05T00:00:00.000Z";"2025-03-05T23:59:59.999Z";"2025-03-05T10:38:00.000Z";"2025-03-05T00:50:00.000Z";"2781";0.2415592709;0.2645983509;0.240053881;0.2491295909;647664557.4;10442909765.67;"2025-03-05T23:59:59.999Z"
"2025-03-04T00:00:00.000Z";"2025-03-04T23:59:59.999Z";"2025-03-04T20:16:00.000Z";"2025-03-04T02:23:00.000Z";"2781";0.2228260329;0.2472769772;0.2212980862;0.2415606942;988565807.5;10123200832.31;"2025-03-04T23:59:59.999Z"
"2025-03-03T00:00:00.000Z";"2025-03-03T23:59:59.999Z";"2025-03-03T00:56:00.000Z";"2025-03-03T21:59:00.000Z";"2781";0.264640502;0.2844934075;0.2203720006;0.2228172256;942937775;9338054988.47;"2025-03-03T23:59:59.999Z"
"2025-03-02T00:00:00.000Z";"2025-03-02T23:59:59.999Z";"2025-03-02T16:38:00.000Z";"2025-03-02T08:16:00.000Z";"2781";0.253084683;0.279717406;0.2423867695;0.2646559235;1209327063.07;11090663444.76;"2025-03-02T23:59:59.999Z"
"2025-03-01T00:00:00.000Z";"2025-03-01T23:59:59.999Z";"2025-03-01T22:01:00.000Z";"2025-03-01T00:58:00.000Z";"2781";0.2126248085;0.2620178886;0.2114879339;0.253087747;1114894790.11;10606405486.86;"2025-03-01T23:59:59.999Z"
"2025-02-28T00:00:00.000Z";"2025-02-28T23:59:59.999Z";"2025-02-28T20:13:00.000Z";"2025-02-28T08:26:00.000Z";"2781";0.1996016832;0.2162238933;0.1800786595;0.2126247498;565650211.44;8907944141.92;"2025-02-28T23:59:59.999Z"
"2025-02-27T00:00:00.000Z";"2025-02-27T23:59:59.999Z";"2025-02-27T13:49:00.000Z";"2025-02-27T01:08:00.000Z";"2781";0.1955934135;0.2050065501;0.1938379949;0.1996016832;305256706.21;8364100253.35;"2025-02-27T23:59:59.999Z"
"2025-02-26T00:00:00.000Z";"2025-02-26T23:59:59.999Z";"2025-02-26T03:22:00.000Z";"2025-02-26T20:25:00.000Z";"2781";0.1978430922;0.2012354969;0.1881262314;0.1977566331;422099847.58;8284560216.18;"2025-02-26T23:59:59.999Z"
"2025-02-25T00:00:00.000Z";"2025-02-25T23:59:59.999Z";"2025-02-25T02:49:00.000Z";"2025-02-25T11:31:00.000Z";"2781";0.1962484665;0.2008410895;0.1760099579;0.1971792167;710497589.68;8262589322.56;"2025-02-25T23:59:59.999Z"
"2025-02-24T00:00:00.000Z";"2025-02-24T23:59:59.999Z";"2025-02-24T13:34:00.000Z";"2025-02-24T23:54:00.000Z";"2781";0.2114587206;0.2259750919;0.1959479216;0.1962413517;679383266.51;8222921050.69;"2025-02-24T23:59:59.999Z"
"2025-02-23T00:00:00.000Z";"2025-02-23T23:59:59.999Z";"2025-02-23T07:46:00.000Z";"2025-02-23T15:55:00.000Z";"2781";0.2165216122;0.2175591125;0.2080681518;0.2114993201;146242049.05;8862658312.79;"2025-02-23T23:59:59.999Z"
"2025-02-22T00:00:00.000Z";"2025-02-22T23:59:59.999Z";"2025-02-22T01:10:00.000Z";"2025-02-22T00:16:00.000Z";"2781";0.2132062205;0.2224968077;0.2121722657;0.2165217045;203206881.07;9073116091.87;"2025-02-22T23:59:59.999Z"
"2025-02-21T00:00:00.000Z";"2025-02-21T23:59:59.999Z";"2025-02-21T13:49:00.000Z";"2025-02-21T19:51:00.000Z";"2781";0.2219502617;0.2298890508;0.2054229746;0.2132062205;352218444.7;8934842517.28;"2025-02-21T23:59:59.999Z"
"2025-02-20T00:00:00.000Z";"2025-02-20T23:59:59.999Z";"2025-02-20T05:25:00.000Z";"2025-02-20T01:54:00.000Z";"2781";0.2156957608;0.2257377486;0.2152419171;0.2219502617;254655347.47;9300594119.49;"2025-02-20T23:59:59.999Z"
"2025-02-19T00:00:00.000Z";"2025-02-19T23:59:59.999Z";"2025-02-19T23:06:00.000Z";"2025-02-19T05:01:00.000Z";"2781";0.2066831428;0.2177043057;0.2039259827;0.2156957608;217504739.14;9038505781.78;"2025-02-19T23:59:59.999Z"
"2025-02-18T00:00:00.000Z";"2025-02-18T23:59:59.999Z";"2025-02-18T02:02:00.000Z";"2025-02-18T17:38:00.000Z";"2781";0.2120413694;0.2142175287;0.1950516806;0.2066831428;245522879.87;8660841431.77;"2025-02-18T23:59:59.999Z"
"2025-02-17T00:00:00.000Z";"2025-02-17T23:59:59.999Z";"2025-02-17T14:19:00.000Z";"2025-02-17T19:05:00.000Z";"2781";0.2201437896;0.2246471498;0.2097123721;0.2120431058;207789951.07;8885372325.51;"2025-02-17T23:59:59.999Z"
"2025-02-16T00:00:00.000Z";"2025-02-16T23:59:59.999Z";"2025-02-16T00:40:00.000Z";"2025-02-16T21:24:00.000Z";"2781";0.2290646961;0.2300012423;0.219392076;0.2201460118;165336294.12;9224895790.14;"2025-02-16T23:59:59.999Z"
"2025-02-15T00:00:00.000Z";"2025-02-15T23:59:59.999Z";"2025-02-15T04:19:00.000Z";"2025-02-15T20:49:00.000Z";"2781";0.2308982368;0.2386598779;0.2261538733;0.2290646961;221745725.9;9568191898.19;"2025-02-15T23:59:59.999Z"
"2025-02-14T00:00:00.000Z";"2025-02-14T23:59:59.999Z";"2025-02-14T19:07:00.000Z";"2025-02-14T01:47:00.000Z";"2781";0.2256379622;0.2396301426;0.2237309475;0.2308991459;324032283.84;9644570152.08;"2025-02-14T23:59:59.999Z"
"2025-02-13T00:00:00.000Z";"2025-02-13T23:59:59.999Z";"2025-02-13T01:58:00.000Z";"2025-02-13T18:10:00.000Z";"2781";0.2345467148;0.2365807461;0.2185211245;0.2257042907;252627972.25;8637617993.57;"2025-02-13T23:59:59.999Z"
"2025-02-12T00:00:00.000Z";"2025-02-12T23:59:59.999Z";"2025-02-12T22:34:00.000Z";"2025-02-12T14:32:00.000Z";"2781";0.2287950428;0.2375185032;0.2153158685;0.2345467148;372582200.84;8975521855.87;"2025-02-12T23:59:59.999Z"
"2025-02-11T00:00:00.000Z";"2025-02-11T23:59:59.999Z";"2025-02-11T06:55:00.000Z";"2025-02-11T19:39:00.000Z";"2781";0.2319038888;0.2485379723;0.2268402114;0.2287950896;325563528.67;8755421406.19;"2025-02-11T23:59:59.999Z"
"2025-02-10T00:00:00.000Z";"2025-02-10T23:59:59.999Z";"2025-02-10T13:59:00.000Z";"2025-02-10T02:32:00.000Z";"2781";0.2295748785;0.2437105817;0.2240505365;0.2319038888;275409489.27;8874387445.49;"2025-02-10T23:59:59.999Z"
"2025-02-09T00:00:00.000Z";"2025-02-09T23:59:59.999Z";"2025-02-09T08:22:00.000Z";"2025-02-09T21:55:00.000Z";"2781";0.2344987098;0.2429054444;0.2199109789;0.2295748785;222541564.53;8785261990.55;"2025-02-09T23:59:59.999Z"
"2025-02-08T00:00:00.000Z";"2025-02-08T23:59:59.999Z";"2025-02-08T23:43:00.000Z";"2025-02-08T07:19:00.000Z";"2781";0.2328471996;0.2359386698;0.2263816517;0.2345062457;208839208.95;8973726245.91;"2025-02-08T23:59:59.999Z"
"2025-02-07T00:00:00.000Z";"2025-02-07T23:59:59.999Z";"2025-02-07T14:53:00.000Z";"2025-02-07T22:26:00.000Z";"2781";0.2288365718;0.2475415937;0.2267860239;0.2328471996;358158162.7;8910485612.88;"2025-02-07T23:59:59.999Z"
"2025-02-06T00:00:00.000Z";"2025-02-06T23:59:59.999Z";"2025-02-06T10:34:00.000Z";"2025-02-06T23:44:00.000Z";"2781";0.2386912111;0.2490281469;0.227162027;0.2288361978;371587445.33;8756808511.49;"2025-02-06T23:59:59.999Z"
"2025-02-05T00:00:00.000Z";"2025-02-05T23:59:59.999Z";"2025-02-05T14:31:00.000Z";"2025-02-05T22:46:00.000Z";"2781";0.2509014365;0.2580852428;0.2369223741;0.2386912111;363550498.68;9134121458.81;"2025-02-05T23:59:59.999Z"
"2025-02-04T00:00:00.000Z";"2025-02-04T23:59:59.999Z";"2025-02-04T00:07:00.000Z";"2025-02-04T22:01:00.000Z";"2781";0.2751493005;0.2782234003;0.2434556821;0.2509014365;686591406.86;9601376540.12;"2025-02-04T23:59:59.999Z"
"2025-02-03T00:00:00.000Z";"2025-02-03T23:59:59.999Z";"2025-02-03T22:31:00.000Z";"2025-02-03T02:11:00.000Z";"2781";0.2533182103;0.281896146;0.1899349563;0.2751493005;1574124521.78;10529282240.66;"2025-02-03T23:59:59.999Z"
"2025-02-02T00:00:00.000Z";"2025-02-02T23:59:59.999Z";"2025-02-02T01:25:00.000Z";"2025-02-02T22:43:00.000Z";"2781";0.2855281638;0.2938510047;0.2407988013;0.2533171917;684440558.34;9693821511.51;"2025-02-02T23:59:59.999Z"
"2025-02-01T00:00:00.000Z";"2025-02-01T23:59:59.999Z";"2025-02-01T03:02:00.000Z";"2025-02-01T23:28:00.000Z";"2781";0.306479478;0.3116392477;0.2820544298;0.2855278458;284024989.34;10926443464;"2025-02-01T23:59:59.999Z"
"2025-01-31T00:00:00.000Z";"2025-01-31T23:59:59.999Z";"2025-01-31T15:39:00.000Z";"2025-01-31T21:24:00.000Z";"2781";0.316217397;0.3195871825;0.3024659565;0.3064848422;333356162.08;11728415811.54;"2025-01-31T23:59:59.999Z"
"2025-01-30T00:00:00.000Z";"2025-01-30T23:59:59.999Z";"2025-01-30T15:55:00.000Z";"2025-01-30T00:35:00.000Z";"2781";0.3088714311;0.3217591791;0.3068833354;0.316217397;349340808.5;12101666051.9;"2025-01-30T23:59:59.999Z"
"2025-01-29T00:00:00.000Z";"2025-01-29T23:59:59.999Z";"2025-01-29T20:34:00.000Z";"2025-01-29T19:31:00.000Z";"2781";0.2991812505;0.3174233206;0.2941579125;0.3088544279;431603066.99;11819814074.11;"2025-01-29T23:59:59.999Z"
"2025-01-28T00:00:00.000Z";"2025-01-28T23:59:59.999Z";"2025-01-28T13:16:00.000Z";"2025-01-28T22:05:00.000Z";"2781";0.3143491766;0.3222431959;0.2954196072;0.2991810258;456556870.16;11448925435.99;"2025-01-28T23:59:59.999Z"
"2025-01-27T00:00:00.000Z";"2025-01-27T23:59:59.999Z";"2025-01-27T00:10:00.000Z";"2025-01-27T08:46:00.000Z";"2781";0.3234092642;0.3263126243;0.2930618329;0.3143491766;733600328.82;12029312703.01;"2025-01-27T23:59:59.999Z"
"2025-01-26T00:00:00.000Z";"2025-01-26T23:59:59.999Z";"2025-01-26T04:23:00.000Z";"2025-01-26T23:59:00.000Z";"2781";0.3320038386;0.3530933218;0.3234019447;0.3234094305;552545991.9;12376077897.48;"2025-01-26T23:59:59.999Z"
"2025-01-25T00:00:00.000Z";"2025-01-25T23:59:59.999Z";"2025-01-25T03:40:00.000Z";"2025-01-25T00:02:00.000Z";"2781";0.3272304745;0.3381317661;0.32644906;0.331996597;359180593.28;12704964609.43;"2025-01-25T23:59:59.999Z"
"2025-01-24T00:00:00.000Z";"2025-01-24T23:59:59.999Z";"2025-01-24T13:27:00.000Z";"2025-01-24T02:59:00.000Z";"2781";0.3271891949;0.3505531458;0.3147093775;0.3272212553;612898231.55;12521946992.58;"2025-01-24T23:59:59.999Z"
"2025-01-23T00:00:00.000Z";"2025-01-23T23:59:59.999Z";"2025-01-23T16:17:00.000Z";"2025-01-23T13:20:00.000Z";"2781";0.3251726395;0.3340778907;0.3125045881;0.3271891949;625608640.37;12520720119.5;"2025-01-23T23:59:59.999Z"
"2025-01-22T00:00:00.000Z";"2025-01-22T23:59:59.999Z";"2025-01-22T00:01:00.000Z";"2025-01-22T16:07:00.000Z";"2781";0.3371596365;0.3378596406;0.3211036758;0.3251923944;470709562.3;12443551540.2;"2025-01-22T23:59:59.999Z"
"2025-01-21T00:00:00.000Z";"2025-01-21T23:59:59.999Z";"2025-01-21T21:17:00.000Z";"2025-01-21T06:02:00.000Z";"2781";0.3410899631;0.3474883312;0.326272426;0.3371596365;778916583.87;12902264226.33;"2025-01-21T23:59:59.999Z"
"2025-01-20T00:00:00.000Z";"2025-01-20T23:59:59.999Z";"2025-01-20T09:11:00.000Z";"2025-01-20T01:01:00.000Z";"2781";0.3261273573;0.3725255929;0.3202752099;0.3410914596;1444386719.54;13052199422.77;"2025-01-20T23:59:59.999Z"
"2025-01-19T00:00:00.000Z";"2025-01-19T23:59:59.999Z";"2025-01-19T01:44:00.000Z";"2025-01-19T23:41:00.000Z";"2781";0.3550704391;0.3690053009;0.3195128578;0.326238438;1267206516.94;12479638115.78;"2025-01-19T23:59:59.999Z"
"2025-01-18T00:00:00.000Z";"2025-01-18T23:59:59.999Z";"2025-01-18T00:10:00.000Z";"2025-01-18T10:43:00.000Z";"2781";0.3752207879;0.384194171;0.3412840037;0.3550704391;1095751224.13;13587178404.26;"2025-01-18T23:59:59.999Z"
"2025-01-17T00:00:00.000Z";"2025-01-17T23:59:59.999Z";"2025-01-17T02:19:00.000Z";"2025-01-17T00:04:00.000Z";"2781";0.3634302705;0.4002565091;0.3621993706;0.3752207879;1629967805.25;14361835485.37;"2025-01-17T23:59:59.999Z"
"2025-01-16T00:00:00.000Z";"2025-01-16T23:59:59.999Z";"2025-01-16T20:43:00.000Z";"2025-01-16T00:44:00.000Z";"2781";0.323668201;0.3848474739;0.3085831619;0.363433937;2347102734.83;13905652215.6;"2025-01-16T23:59:59.999Z"
"2025-01-15T00:00:00.000Z";"2025-01-15T23:59:59.999Z";"2025-01-15T23:51:00.000Z";"2025-01-15T00:08:00.000Z";"2781";0.2869890841;0.3273412888;0.2862202732;0.3236599887;1035794083.3;12383071406.14;"2025-01-15T23:59:59.999Z"
"2025-01-14T00:00:00.000Z";"2025-01-14T23:59:59.999Z";"2025-01-14T17:19:00.000Z";"2025-01-14T00:08:00.000Z";"2781";0.2750150961;0.2927792053;0.2729755224;0.2869889403;446928442.69;10979246981;"2025-01-14T23:59:59.999Z"
"2025-01-13T00:00:00.000Z";"2025-01-13T23:59:59.999Z";"2025-01-13T00:38:00.000Z";"2025-01-13T14:37:00.000Z";"2781";0.2779839453;0.288333757;0.2576245714;0.275011674;608623972.13;10521031169.31;"2025-01-13T23:59:59.999Z"
"2025-01-12T00:00:00.000Z";"2025-01-12T23:59:59.999Z";"2025-01-12T00:01:00.000Z";"2025-01-12T22:35:00.000Z";"2781";0.2913858806;0.2919058686;0.273744557;0.2779839453;410778427.87;10634740375.65;"2025-01-12T23:59:59.999Z"
"2025-01-11T00:00:00.000Z";"2025-01-11T23:59:59.999Z";"2025-01-11T22:16:00.000Z";"2025-01-11T04:43:00.000Z";"2781";0.2818702414;0.2958071767;0.2756631845;0.2913858806;485524676.65;11147453804.53;"2025-01-11T23:59:59.999Z"
"2025-01-10T00:00:00.000Z";"2025-01-10T23:59:59.999Z";"2025-01-10T19:58:00.000Z";"2025-01-10T15:15:00.000Z";"2781";0.2688006309;0.2850792198;0.2675512298;0.2818702414;611833433.79;10783417127.49;"2025-01-10T23:59:59.999Z"
"2025-01-09T00:00:00.000Z";"2025-01-09T23:59:59.999Z";"2025-01-09T00:13:00.000Z";"2025-01-09T14:07:00.000Z";"2781";0.2847920158;0.2848586053;0.2634008779;0.268801728;623118270.26;10283459307.98;"2025-01-09T23:59:59.999Z"
"2025-01-08T00:00:00.000Z";"2025-01-08T23:59:59.999Z";"2025-01-08T00:46:00.000Z";"2025-01-08T17:32:00.000Z";"2781";0.2895394749;0.2952612533;0.2673984954;0.2847920158;825329193.81;10895194486.86;"2025-01-08T23:59:59.999Z"
"2025-01-07T00:00:00.000Z";"2025-01-07T23:59:59.999Z";"2025-01-07T08:37:00.000Z";"2025-01-07T22:04:00.000Z";"2781";0.3080514482;0.329520241;0.2887707735;0.2895394749;1206380025.18;11076816470.2;"2025-01-07T23:59:59.999Z"
"2025-01-06T00:00:00.000Z";"2025-01-06T23:59:59.999Z";"2025-01-06T19:33:00.000Z";"2025-01-06T01:22:00.000Z";"2781";0.3012966091;0.317582195;0.2970293189;0.3080516965;684982886.9;11785022995.37;"2025-01-06T23:59:59.999Z"
"2025-01-05T00:00:00.000Z";"2025-01-05T23:59:59.999Z";"2025-01-05T01:20:00.000Z";"2025-01-05T14:19:00.000Z";"2781";0.3057866402;0.3122394525;0.2964761091;0.3012966091;512694156.84;11525246861.92;"2025-01-05T23:59:59.999Z"
"2025-01-04T00:00:00.000Z";"2025-01-04T23:59:59.999Z";"2025-01-04T02:42:00.000Z";"2025-01-04T10:23:00.000Z";"2781";0.3133806286;0.3199606309;0.3021236926;0.3057858325;633286169.05;11696969365.83;"2025-01-04T23:59:59.999Z"
"2025-01-03T00:00:00.000Z";"2025-01-03T23:59:59.999Z";"2025-01-03T12:44:00.000Z";"2025-01-03T00:00:00.000Z";"2781";0.2917045327;0.3233912641;0.2916737385;0.3133806286;1119392363.57;11987486740.92;"2025-01-03T23:59:59.999Z"
"2025-01-02T00:00:00.000Z";"2025-01-02T23:59:59.999Z";"2025-01-02T00:30:00.000Z";"2025-01-02T06:31:00.000Z";"2781";0.2939207211;0.3073663487;0.284943933;0.2917045327;778085074.28;11158329197.15;"2025-01-02T23:59:59.999Z"
"2025-01-01T00:00:00.000Z";"2025-01-01T23:59:59.999Z";"2025-01-01T20:29:00.000Z";"2025-01-01T11:07:00.000Z";"2781";0.2684888877;0.2991913606;0.2638671745;0.2939207211;935976943.96;11243103200.47;"2025-01-01T23:59:59.999Z"
"2024-12-31T00:00:00.000Z";"2024-12-31T23:59:59.999Z";"2024-12-31T13:34:00.000Z";"2024-12-31T17:40:00.000Z";"2781";0.2780538433;0.2816692967;0.2670618246;0.2684888877;515793232.99;10270280573.78;"2024-12-31T23:59:59.999Z"
"2024-12-30T00:00:00.000Z";"2024-12-30T23:59:59.999Z";"2024-12-30T20:28:00.000Z";"2024-12-30T15:26:00.000Z";"2781";0.2789368035;0.2896959129;0.2657477118;0.2780538709;727277239.15;10636161868.58;"2024-12-30T23:59:59.999Z"
"2024-12-29T00:00:00.000Z";"2024-12-29T23:59:59.999Z";"2024-12-29T00:14:00.000Z";"2024-12-29T22:26:00.000Z";"2781";0.2939891103;0.3018508511;0.2748174019;0.2789373483;629556148.51;10669956787.58;"2024-12-29T23:59:59.999Z"
"2024-12-28T00:00:00.000Z";"2024-12-28T23:59:59.999Z";"2024-12-28T22:55:00.000Z";"2024-12-28T01:37:00.000Z";"2781";0.2757841641;0.3005722102;0.2720889459;0.2939891103;684967953.79;11245719236.76;"2024-12-28T23:59:59.999Z"
"2024-12-27T00:00:00.000Z";"2024-12-27T23:59:59.999Z";"2024-12-27T02:27:00.000Z";"2024-12-27T16:29:00.000Z";"2781";0.2844025179;0.2952366912;0.2737026381;0.2757841641;818568558.32;10549340675.71;"2024-12-27T23:59:59.999Z"
"2024-12-26T00:00:00.000Z";"2024-12-26T23:59:59.999Z";"2024-12-26T02:31:00.000Z";"2024-12-26T21:15:00.000Z";"2781";0.3134726658;0.3165903703;0.283281452;0.2844042236;852966047.31;10879076589.57;"2024-12-26T23:59:59.999Z"
"2024-12-25T00:00:00.000Z";"2024-12-25T23:59:59.999Z";"2024-12-25T00:04:00.000Z";"2024-12-25T08:01:00.000Z";"2781";0.328824094;0.3324518662;0.3057572114;0.3134964964;1169138796.28;11991007365.97;"2024-12-25T23:59:59.999Z"
"2024-12-24T00:00:00.000Z";"2024-12-24T23:59:59.999Z";"2024-12-24T23:16:00.000Z";"2024-12-24T02:25:00.000Z";"2781";0.2914531421;0.3370318294;0.2818345032;0.328824094;2000928458.25;12578232694.3;"2024-12-24T23:59:59.999Z"
"2024-12-23T00:00:00.000Z";"2024-12-23T23:59:59.999Z";"2024-12-23T23:59:00.000Z";"2024-12-23T02:19:00.000Z";"2781";0.2651275741;0.2915295328;0.2562233202;0.2914531421;1101098350.65;11148712966;"2024-12-23T23:59:59.999Z"
"2024-12-22T00:00:00.000Z";"2024-12-22T23:59:59.999Z";"2024-12-22T10:34:00.000Z";"2024-12-22T05:14:00.000Z";"2781";0.2542440496;0.2721337509;0.2445038041;0.2651275741;893193361.2;10141703059.32;"2024-12-22T23:59:59.999Z"
"2024-12-21T00:00:00.000Z";"2024-12-21T23:59:59.999Z";"2024-12-21T07:43:00.000Z";"2024-12-21T19:37:00.000Z";"2781";0.2706075892;0.2826253876;0.2500453574;0.2542425088;1027765587.74;9725325772.78;"2024-12-21T23:59:59.999Z"
"2024-12-20T00:00:00.000Z";"2024-12-20T23:59:59.999Z";"2024-12-20T03:21:00.000Z";"2024-12-20T12:02:00.000Z";"2781";0.2685651419;0.2857899891;0.2345689656;0.2706075892;2108372881.82;10351325489.54;"2024-12-20T23:59:59.999Z"
"2024-12-19T00:00:00.000Z";"2024-12-19T23:59:59.999Z";"2024-12-19T14:37:00.000Z";"2024-12-19T20:17:00.000Z";"2781";0.271880485;0.3004670589;0.2554032903;0.2685651419;1919932305.45;10272279967.39;"2024-12-19T23:59:59.999Z"
"2024-12-18T00:00:00.000Z";"2024-12-18T23:59:59.999Z";"2024-12-18T11:40:00.000Z";"2024-12-18T23:52:00.000Z";"2781";0.2841443924;0.3097042645;0.2706804345;0.271880485;1795411184.66;10399087710.65;"2024-12-18T23:59:59.999Z"
"2024-12-17T00:00:00.000Z";"2024-12-17T23:59:59.999Z";"2024-12-17T18:37:00.000Z";"2024-12-17T01:02:00.000Z";"2781";0.2824781729;0.2980348061;0.2754313656;0.2841627858;1078670005.08;10868870347.24;"2024-12-17T23:59:59.999Z"
"2024-12-16T00:00:00.000Z";"2024-12-16T23:59:59.999Z";"2024-12-16T01:04:00.000Z";"2024-12-16T11:59:00.000Z";"2781";0.2955710837;0.2982554044;0.2744499157;0.2824781729;835843478.9;10804436013.18;"2024-12-16T23:59:59.999Z"
"2024-12-15T00:00:00.000Z";"2024-12-15T23:59:59.999Z";"2024-12-15T23:53:00.000Z";"2024-12-15T07:45:00.000Z";"2781";0.2938780349;0.2969497127;0.2833291064;0.2955710837;602993286.08;11302153980.65;"2024-12-15T23:59:59.999Z"
"2024-12-14T00:00:00.000Z";"2024-12-14T23:59:59.999Z";"2024-12-14T00:00:00.000Z";"2024-12-14T20:58:00.000Z";"2781";0.314772388;0.3148277377;0.2887440185;0.2938780349;732847520.4;11237414567.07;"2024-12-14T23:59:59.999Z"
"2024-12-13T00:00:00.000Z";"2024-12-13T23:59:59.999Z";"2024-12-13T12:28:00.000Z";"2024-12-13T07:31:00.000Z";"2781";0.291610018;0.3296857317;0.2894294243;0.314772388;1586572294.65;12036380490.52;"2024-12-13T23:59:59.999Z"
"2024-12-12T00:00:00.000Z";"2024-12-12T23:59:59.999Z";"2024-12-12T08:20:00.000Z";"2024-12-12T22:22:00.000Z";"2781";0.2996512695;0.3135057232;0.2858246577;0.2915896928;1376556293.4;11146965989.11;"2024-12-12T23:59:59.999Z"
"2024-12-11T00:00:00.000Z";"2024-12-11T23:59:59.999Z";"2024-12-11T15:30:00.000Z";"2024-12-11T02:02:00.000Z";"2781";0.2894572168;0.3101062568;0.2717070384;0.2996543748;1456450192.55;11455146023.25;"2024-12-11T23:59:59.999Z"
"2024-12-10T00:00:00.000Z";"2024-12-10T23:59:59.999Z";"2024-12-10T02:00:00.000Z";"2024-12-10T18:13:00.000Z";"2781";0.2813382384;0.3011639083;0.2539042097;0.2894024838;2349292816.83;11063352800.51;"2024-12-10T23:59:59.999Z"
"2024-12-09T00:00:00.000Z";"2024-12-09T23:59:59.999Z";"2024-12-09T00:03:00.000Z";"2024-12-09T21:07:00.000Z";"2781";0.332151972;0.3333599473;0.2483098109;0.2813382384;1746556500.72;10755070746.42;"2024-12-09T23:59:59.999Z"
"2024-12-08T00:00:00.000Z";"2024-12-08T23:59:59.999Z";"2024-12-08T05:30:00.000Z";"2024-12-08T09:58:00.000Z";"2781";0.3362971857;0.3380947248;0.3249545906;0.3286544793;1339751512.42;12563888210.17;"2024-12-08T23:59:59.999Z"
"2024-12-07T00:00:00.000Z";"2024-12-07T23:59:59.999Z";"2024-12-07T00:05:00.000Z";"2024-12-07T19:40:00.000Z";"2781";0.3673536675;0.370403416;0.3208231143;0.3321175267;2712823638.29;12696274478.45;"2024-12-07T23:59:59.999Z"
"2024-12-06T00:00:00.000Z";"2024-12-06T23:59:59.999Z";"2024-12-06T23:00:00.000Z";"2024-12-06T10:16:00.000Z";"2781";0.2920912362;0.3747194655;0.2771294676;0.3673536675;3124816109.18;14043290757.82;"2024-12-06T23:59:59.999Z"
"2024-12-05T00:00:00.000Z";"2024-12-05T23:59:59.999Z";"2024-12-05T11:25:00.000Z";"2024-12-05T20:33:00.000Z";"2781";0.2880638585;0.3099513621;0.2817565912;0.2887412112;2769519202.36;11029586411.05;"2024-12-05T23:59:59.999Z"
"2024-12-04T00:00:00.000Z";"2024-12-04T23:59:59.999Z";"2024-12-04T04:12:00.000Z";"2024-12-04T16:59:00.000Z";"2781";0.3157463359;0.3348759626;0.278976816;0.2880638585;3101190937.08;11003712306.13;"2024-12-04T23:59:59.999Z"
"2024-12-03T00:00:00.000Z";"2024-12-03T23:59:59.999Z";"2024-12-03T03:58:00.000Z";"2024-12-03T00:00:00.000Z";"2781";0.3088779861;0.3890686414;0.3088779861;0.3157469635;6950735928.44;12061175484.06;"2024-12-03T23:59:59.999Z"
"2024-12-02T00:00:00.000Z";"2024-12-02T23:59:59.999Z";"2024-12-02T23:31:00.000Z";"2024-12-02T00:15:00.000Z";"2781";0.2093515431;0.3203245237;0.2082432413;0.3088634656;5503852901.24;11798788344.86;"2024-12-02T23:59:59.999Z"
"2024-12-01T00:00:00.000Z";"2024-12-01T23:59:59.999Z";"2024-12-01T23:17:00.000Z";"2024-12-01T01:21:00.000Z";"2781";0.1692924566;0.2199578397;0.1646528039;0.2093509225;2383957647.25;7996967526;"2024-12-01T23:59:59.999Z"
"2024-11-30T00:00:00.000Z";"2024-11-30T23:59:59.999Z";"2024-11-30T00:10:00.000Z";"2024-11-30T04:04:00.000Z";"2781";0.1783670539;0.1851276595;0.1639429309;0.169293037;975471998.89;6466779615.87;"2024-11-30T23:59:59.999Z"
"2024-11-29T00:00:00.000Z";"2024-11-29T23:59:59.999Z";"2024-11-29T23:25:00.000Z";"2024-11-29T01:42:00.000Z";"2781";0.1448579616;0.1851693819;0.1438089741;0.1783670539;1430918811.76;6813418927.1;"2024-11-29T23:59:59.999Z"
"2024-11-28T00:00:00.000Z";"2024-11-28T23:59:59.999Z";"2024-11-28T23:13:00.000Z";"2024-11-28T10:06:00.000Z";"2781";0.1418860412;0.1495448991;0.1368460113;0.1448578486;394697466.77;5533405332.67;"2024-11-28T23:59:59.999Z"
"2024-11-27T00:00:00.000Z";"2024-11-27T23:59:59.999Z";"2024-11-27T20:36:00.000Z";"2024-11-27T05:23:00.000Z";"2781";0.1391598782;0.1471719604;0.1328596624;0.1418860412;490134934.21;5419885665.23;"2024-11-27T23:59:59.999Z"
"2024-11-26T00:00:00.000Z";"2024-11-26T23:59:59.999Z";"2024-11-26T02:07:00.000Z";"2024-11-26T11:47:00.000Z";"2781";0.1349090497;0.1401961993;0.1263792818;0.1391598782;529902541.57;5315749335.03;"2024-11-26T23:59:59.999Z"
"2024-11-25T00:00:00.000Z";"2024-11-25T23:59:59.999Z";"2024-11-25T09:34:00.000Z";"2024-11-25T22:40:00.000Z";"2781";0.1471768894;0.1476926226;0.1319918866;0.1349090835;581438286.99;5153373817.08;"2024-11-25T23:59:59.999Z"
"2024-11-24T00:00:00.000Z";"2024-11-24T23:59:59.999Z";"2024-11-24T00:25:00.000Z";"2024-11-24T16:02:00.000Z";"2781";0.1544573416;0.1658531339;0.1365129007;0.1471768894;1122080030.38;5619299194.17;"2024-11-24T23:59:59.999Z"
"2024-11-23T00:00:00.000Z";"2024-11-23T23:59:59.999Z";"2024-11-23T01:38:00.000Z";"2024-11-23T02:57:00.000Z";"2781";0.1469770393;0.1692113661;0.1457528045;0.1544573416;1933569833.31;5900096129.45;"2024-11-23T23:59:59.999Z"
"2024-11-22T00:00:00.000Z";"2024-11-22T23:59:59.999Z";"2024-11-22T22:10:00.000Z";"2024-11-22T01:49:00.000Z";"2781";0.1265970636;0.1546330294;0.1219966049;0.1469771777;1639508231.26;5614362310.74;"2024-11-22T23:59:59.999Z"
"2024-11-21T00:00:00.000Z";"2024-11-21T23:59:59.999Z";"2024-11-21T01:31:00.000Z";"2024-11-21T15:34:00.000Z";"2781";0.1220857558;0.1370534273;0.1185691259;0.1266141957;1104827160.08;4836519382.14;"2024-11-21T23:59:59.999Z"
"2024-11-20T00:00:00.000Z";"2024-11-20T23:59:59.999Z";"2024-11-20T00:11:00.000Z";"2024-11-20T18:28:00.000Z";"2781";0.1330785249;0.1340369997;0.1175543623;0.1220857558;962997176.05;4601782448.35;"2024-11-20T23:59:59.999Z"
"2024-11-19T00:00:00.000Z";"2024-11-19T23:59:59.999Z";"2024-11-19T02:49:00.000Z";"2024-11-19T22:34:00.000Z";"2781";0.1447455934;0.1566238474;0.1282106032;0.1330785249;2263891071.54;5016133258.12;"2024-11-19T23:59:59.999Z"
"2024-11-18T00:00:00.000Z";"2024-11-18T23:59:59.999Z";"2024-11-18T16:26:00.000Z";"2024-11-18T00:13:00.000Z";"2781";0.0902896267;0.1481289093;0.0875523193;0.1447455934;3051890831.4;5455900459.25;"2024-11-18T23:59:59.999Z"
"2024-11-17T00:00:00.000Z";"2024-11-17T23:59:59.999Z";"2024-11-17T00:19:00.000Z";"2024-11-17T02:16:00.000Z";"2781";0.0906408493;0.0930601129;0.0831439296;0.0902896267;467105266.52;3403290798.64;"2024-11-17T23:59:59.999Z"
"2024-11-16T00:00:00.000Z";"2024-11-16T23:59:59.999Z";"2024-11-16T22:04:00.000Z";"2024-11-16T00:04:00.000Z";"2781";0.072319106;0.0960119425;0.0717349969;0.0906408493;1129876776.55;3416529448.86;"2024-11-16T23:59:59.999Z"
"2024-11-15T00:00:00.000Z";"2024-11-15T23:59:59.999Z";"2024-11-15T22:59:00.000Z";"2024-11-15T01:29:00.000Z";"2781";0.0637760394;0.0727879303;0.0631101572;0.0727879303;536290645.24;2742747903.41;"2024-11-15T23:59:59.999Z"
"2024-11-14T00:00:00.000Z";"2024-11-14T23:59:59.999Z";"2024-11-14T22:04:00.000Z";"2024-11-14T03:19:00.000Z";"2781";0.0594875949;0.0677211729;0.0587194747;0.0637760394;390985005.85;2403106232.55;"2024-11-14T23:59:59.999Z"
"2024-11-13T00:00:00.000Z";"2024-11-13T23:59:59.999Z";"2024-11-13T00:01:00.000Z";"2024-11-13T06:40:00.000Z";"2781";0.0647281409;0.0647942379;0.0565746483;0.0594875949;311184915.12;2241515957.83;"2024-11-13T23:59:59.999Z"
"2024-11-12T00:00:00.000Z";"2024-11-12T23:59:59.999Z";"2024-11-12T18:11:00.000Z";"2024-11-12T16:25:00.000Z";"2781";0.0584198722;0.0744494883;0.0531771382;0.0647281409;655888720.68;2438981791.37;"2024-11-12T23:59:59.999Z"
"2024-11-11T00:00:00.000Z";"2024-11-11T23:59:59.999Z";"2024-11-11T23:53:00.000Z";"2024-11-11T05:58:00.000Z";"2781";0.0549543418;0.0585303126;0.0537023847;0.0584198722;177649133;2201283747.3;"2024-11-11T23:59:59.999Z"
"2024-11-10T00:00:00.000Z";"2024-11-10T23:59:59.999Z";"2024-11-10T18:49:00.000Z";"2024-11-10T21:14:00.000Z";"2781";0.0527934497;0.0575687728;0.0524134751;0.0549543418;144005694.94;2070701200.56;"2024-11-10T23:59:59.999Z"
"2024-11-09T00:00:00.000Z";"2024-11-09T23:59:59.999Z";"2024-11-09T23:46:00.000Z";"2024-11-09T17:18:00.000Z";"2781";0.0522430815;0.0530409711;0.0503047747;0.0527934497;55902488.66;1989277937.54;"2024-11-09T23:59:59.999Z"
"2024-11-08T00:00:00.000Z";"2024-11-08T23:59:59.999Z";"2024-11-08T19:31:00.000Z";"2024-11-08T03:02:00.000Z";"2781";0.0492589265;0.0527519853;0.0483513209;0.0522430815;105733515.14;1968539850.58;"2024-11-08T23:59:59.999Z"
"2024-11-07T00:00:00.000Z";"2024-11-07T23:59:59.999Z";"2024-11-07T01:43:00.000Z";"2024-11-07T14:50:00.000Z";"2781";0.0490313663;0.0497681196;0.0478847837;0.0492589265;57620166.06;1856077949.35;"2024-11-07T23:59:59.999Z"
"2024-11-06T00:00:00.000Z";"2024-11-06T23:59:59.999Z";"2024-11-06T12:11:00.000Z";"2024-11-06T00:00:00.000Z";"2781";0.0460849676;0.0500685378;0.0460842283;0.0490313663;92470416.39;1847503475.81;"2024-11-06T23:59:59.999Z"
"2024-11-05T00:00:00.000Z";"2024-11-05T23:59:59.999Z";"2024-11-05T23:05:00.000Z";"2024-11-05T00:01:00.000Z";"2781";0.0424840696;0.0462426439;0.0424788083;0.0460851513;60198335.7;1736490001.57;"2024-11-05T23:59:59.999Z"
"2024-11-04T00:00:00.000Z";"2024-11-04T23:59:59.999Z";"2024-11-04T03:05:00.000Z";"2024-11-04T22:00:00.000Z";"2781";0.0428524984;0.0434594067;0.0417994703;0.0424840696;67544006.34;1600796698.11;"2024-11-04T23:59:59.999Z"
"2024-11-03T00:00:00.000Z";"2024-11-03T23:59:59.999Z";"2024-11-03T00:16:00.000Z";"2024-11-03T15:11:00.000Z";"2781";0.0448427947;0.0450131891;0.0416750245;0.0428524984;50387142.76;1614679068.99;"2024-11-03T23:59:59.999Z"
"2024-11-02T00:00:00.000Z";"2024-11-02T23:59:59.999Z";"2024-11-02T02:29:00.000Z";"2024-11-02T23:13:00.000Z";"2781";0.0455897924;0.0460455852;0.0446454647;0.0448427947;26579597.57;1689673291.64;"2024-11-02T23:59:59.999Z"
"2024-11-01T00:00:00.000Z";"2024-11-01T23:59:59.999Z";"2024-11-01T14:18:00.000Z";"2024-11-01T07:17:00.000Z";"2781";0.0462848563;0.0469991137;0.0452441677;0.0455897924;46065385.95;1717820113.51;"2024-11-01T23:59:59.999Z"
"2024-10-31T00:00:00.000Z";"2024-10-31T23:59:59.999Z";"2024-10-31T00:07:00.000Z";"2024-10-31T18:21:00.000Z";"2781";0.0486523379;0.0487137743;0.0457014809;0.0462848563;50806377.86;1744010069.94;"2024-10-31T23:59:59.999Z"
"2024-10-30T00:00:00.000Z";"2024-10-30T23:59:59.999Z";"2024-10-30T00:01:00.000Z";"2024-10-30T15:27:00.000Z";"2781";0.0496220681;0.04964664;0.0482147201;0.0486523379;41714133.86;1833216607.77;"2024-10-30T23:59:59.999Z"
"2024-10-29T00:00:00.000Z";"2024-10-29T23:59:59.999Z";"2024-10-29T17:07:00.000Z";"2024-10-29T00:14:00.000Z";"2781";0.0487856249;0.050552222;0.0486853571;0.0496216835;49841762.18;1869755971.95;"2024-10-29T23:59:59.999Z"
"2024-10-28T00:00:00.000Z";"2024-10-28T23:59:59.999Z";"2024-10-28T22:10:00.000Z";"2024-10-28T17:10:00.000Z";"2781";0.048851498;0.0493791884;0.047288739;0.0487856249;42764635.2;1838238852.08;"2024-10-28T23:59:59.999Z"
"2024-10-27T00:00:00.000Z";"2024-10-27T23:59:59.999Z";"2024-10-27T16:13:00.000Z";"2024-10-27T01:12:00.000Z";"2781";0.0481477737;0.0495129739;0.0479926891;0.048846067;22902898.99;1840720950.99;"2024-10-27T23:59:59.999Z"
"2024-10-26T00:00:00.000Z";"2024-10-26T23:59:59.999Z";"2024-10-26T09:29:00.000Z";"2024-10-26T00:07:00.000Z";"2781";0.0476253044;0.0483847356;0.0471089042;0.0481477737;36587072.16;1814204670.02;"2024-10-26T23:59:59.999Z"
"2024-10-25T00:00:00.000Z";"2024-10-25T23:59:59.999Z";"2024-10-25T14:22:00.000Z";"2024-10-25T23:25:00.000Z";"2781";0.0511402415;0.0520027057;0.0459379847;0.0476337449;61811749;1794518064.04;"2024-10-25T23:59:59.999Z"
"2024-10-24T00:00:00.000Z";"2024-10-24T23:59:59.999Z";"2024-10-24T21:28:00.000Z";"2024-10-24T09:53:00.000Z";"2781";0.0513502676;0.0519772351;0.0503455362;0.0511406763;33295355.41;1926937399.52;"2024-10-24T23:59:59.999Z"
"2024-10-23T00:00:00.000Z";"2024-10-23T23:59:59.999Z";"2024-10-23T00:05:00.000Z";"2024-10-23T18:10:00.000Z";"2781";0.0525323714;0.0525869261;0.0499969674;0.0512191804;42386335.61;1929796938.3;"2024-10-23T23:59:59.999Z"
"2024-10-22T00:00:00.000Z";"2024-10-22T23:59:59.999Z";"2024-10-22T05:43:00.000Z";"2024-10-22T17:02:00.000Z";"2781";0.052896625;0.0535235577;0.0513547883;0.0525323714;46667470.58;1979274338.04;"2024-10-22T23:59:59.999Z"
"2024-10-21T00:00:00.000Z";"2024-10-21T23:59:59.999Z";"2024-10-21T00:18:00.000Z";"2024-10-21T23:59:00.000Z";"2781";0.0558907339;0.056364825;0.0528963505;0.052896625;63894414.8;1992998435.2;"2024-10-21T23:59:59.999Z"
"2024-10-20T00:00:00.000Z";"2024-10-20T23:59:59.999Z";"2024-10-20T23:22:00.000Z";"2024-10-20T03:31:00.000Z";"2781";0.0534683916;0.0561402518;0.0520099366;0.0558907339;54787322.17;2105808167.26;"2024-10-20T23:59:59.999Z"
"2024-10-19T00:00:00.000Z";"2024-10-19T23:59:59.999Z";"2024-10-19T15:18:00.000Z";"2024-10-19T00:00:00.000Z";"2781";0.0517633068;0.0538138333;0.0517633068;0.0534683916;46684920.79;2014541015.87;"2024-10-19T23:59:59.999Z"
"2024-10-18T00:00:00.000Z";"2024-10-18T23:59:59.999Z";"2024-10-18T17:16:00.000Z";"2024-10-18T00:37:00.000Z";"2781";0.0511240468;0.0527167961;0.0506577857;0.0517633068;43277710.2;1950298141.73;"2024-10-18T23:59:59.999Z"
"2024-10-17T00:00:00.000Z";"2024-10-17T23:59:59.999Z";"2024-10-17T00:43:00.000Z";"2024-10-17T18:14:00.000Z";"2781";0.0535247468;0.0539369175;0.0503913375;0.0511240468;55127846.99;1926212591.81;"2024-10-17T23:59:59.999Z"
"2024-10-16T00:00:00.000Z";"2024-10-16T23:59:59.999Z";"2024-10-16T01:55:00.000Z";"2024-10-16T23:59:00.000Z";"2781";0.0560911273;0.0578422593;0.0535156056;0.053524402;78052067.55;2016033183.22;"2024-10-16T23:59:59.999Z"
"2024-10-15T00:00:00.000Z";"2024-10-15T23:59:59.999Z";"2024-10-15T14:01:00.000Z";"2024-10-15T00:46:00.000Z";"2781";0.0534159376;0.0574572668;0.0531039748;0.0560911273;131852392.78;2112041451.27;"2024-10-15T23:59:59.999Z"
"2024-10-14T00:00:00.000Z";"2024-10-14T23:59:59.999Z";"2024-10-14T23:26:00.000Z";"2024-10-14T02:17:00.000Z";"2781";0.0511319477;0.053594921;0.0504972216;0.0534159376;41419453.92;2011253205.46;"2024-10-14T23:59:59.999Z"
"2024-10-13T00:00:00.000Z";"2024-10-13T23:59:59.999Z";"2024-10-13T00:03:00.000Z";"2024-10-13T15:31:00.000Z";"2781";0.0515285273;0.051537947;0.0497394688;0.0511296144;25257978.93;1925254867.6;"2024-10-13T23:59:59.999Z"
"2024-10-12T00:00:00.000Z";"2024-10-12T23:59:59.999Z";"2024-10-12T15:18:00.000Z";"2024-10-12T03:47:00.000Z";"2781";0.0513584578;0.0519246964;0.0510335923;0.0515285099;25623080.5;1940186502.17;"2024-10-12T23:59:59.999Z"
"2024-10-11T00:00:00.000Z";"2024-10-11T23:59:59.999Z";"2024-10-11T19:17:00.000Z";"2024-10-11T01:38:00.000Z";"2781";0.0503010897;0.0518392579;0.0500545437;0.0513584578;34003482.54;1933783582.48;"2024-10-11T23:59:59.999Z"
"2024-10-10T00:00:00.000Z";"2024-10-10T23:59:59.999Z";"2024-10-10T06:41:00.000Z";"2024-10-10T18:34:00.000Z";"2781";0.0502110437;0.0506770493;0.0491602565;0.0503010897;41007193.58;1894015841.85;"2024-10-10T23:59:59.999Z"
"2024-10-09T00:00:00.000Z";"2024-10-09T23:59:59.999Z";"2024-10-09T01:39:00.000Z";"2024-10-09T21:02:00.000Z";"2781";0.0522970937;0.052931246;0.0500607562;0.0502110437;39915993.88;1890580369.05;"2024-10-09T23:59:59.999Z"
"2024-10-08T00:00:00.000Z";"2024-10-08T23:59:59.999Z";"2024-10-08T04:37:00.000Z";"2024-10-08T15:37:00.000Z";"2781";0.0524908026;0.0531466366;0.0513959758;0.0522970937;37100496.51;1969125742.14;"2024-10-08T23:59:59.999Z"
"2024-10-07T00:00:00.000Z";"2024-10-07T23:59:59.999Z";"2024-10-07T04:34:00.000Z";"2024-10-07T23:07:00.000Z";"2781";0.0541627639;0.0555012933;0.0524608263;0.0524908026;46459203.8;1976419401.3;"2024-10-07T23:59:59.999Z"
"2024-10-06T00:00:00.000Z";"2024-10-06T23:59:59.999Z";"2024-10-06T23:59:00.000Z";"2024-10-06T04:46:00.000Z";"2781";0.0531340041;0.0541627639;0.052355835;0.0541627639;25484006.59;2039373225.8;"2024-10-06T23:59:59.999Z"
"2024-10-05T00:00:00.000Z";"2024-10-05T23:59:59.999Z";"2024-10-05T00:11:00.000Z";"2024-10-05T20:55:00.000Z";"2781";0.0547387917;0.0549804414;0.0523963086;0.0531340041;28989711.36;2000637660.88;"2024-10-05T23:59:59.999Z"
"2024-10-04T00:00:00.000Z";"2024-10-04T23:59:59.999Z";"2024-10-04T19:04:00.000Z";"2024-10-04T01:02:00.000Z";"2781";0.051662484;0.0548610562;0.051497168;0.0547387917;49276422.04;2061062214.33;"2024-10-04T23:59:59.999Z"
"2024-10-03T00:00:00.000Z";"2024-10-03T23:59:59.999Z";"2024-10-03T04:02:00.000Z";"2024-10-03T15:32:00.000Z";"2781";0.0516700718;0.0524077001;0.0501336508;0.051662484;60245454.98;1945230984.13;"2024-10-03T23:59:59.999Z"
"2024-10-02T00:00:00.000Z";"2024-10-02T23:59:59.999Z";"2024-10-02T06:49:00.000Z";"2024-10-02T19:09:00.000Z";"2781";0.0528755781;0.0547170678;0.0508767427;0.0516700718;55241910.12;1944162848.49;"2024-10-02T23:59:59.999Z"
"2024-10-01T00:00:00.000Z";"2024-10-01T23:59:59.999Z";"2024-10-01T07:43:00.000Z";"2024-10-01T20:43:00.000Z";"2781";0.057455073;0.0592812158;0.0520961934;0.0528755781;71727549.2;1989521804.37;"2024-10-01T23:59:59.999Z"
"2024-09-30T00:00:00.000Z";"2024-09-30T23:59:59.999Z";"2024-09-30T01:11:00.000Z";"2024-09-30T23:46:00.000Z";"2781";0.0614218465;0.061606935;0.0572162854;0.057455073;52981270.62;2161832073.75;"2024-09-30T23:59:59.999Z"
"2024-09-29T00:00:00.000Z";"2024-09-29T23:59:59.999Z";"2024-09-29T20:07:00.000Z";"2024-09-29T13:07:00.000Z";"2781";0.0612520053;0.0624117226;0.0598109602;0.0614218465;40633718.72;2311087791.45;"2024-09-29T23:59:59.999Z"
"2024-09-28T00:00:00.000Z";"2024-09-28T23:59:59.999Z";"2024-09-28T04:46:00.000Z";"2024-09-28T21:23:00.000Z";"2781";0.0618796833;0.0637646762;0.0603014304;0.0612520053;44579588.56;2304697265.02;"2024-09-28T23:59:59.999Z"
"2024-09-27T00:00:00.000Z";"2024-09-27T23:59:59.999Z";"2024-09-27T06:08:00.000Z";"2024-09-27T10:41:00.000Z";"2781";0.0617475381;0.0627976296;0.0606343399;0.0618795338;54163026.27;2328308951.47;"2024-09-27T23:59:59.999Z"
"2024-09-26T00:00:00.000Z";"2024-09-26T23:59:59.999Z";"2024-09-26T19:28:00.000Z";"2024-09-26T00:54:00.000Z";"2781";0.0584613716;0.0620841762;0.0570570228;0.0617475381;59814213.27;2323342419.4;"2024-09-26T23:59:59.999Z"
"2024-09-25T00:00:00.000Z";"2024-09-25T23:59:59.999Z";"2024-09-25T10:28:00.000Z";"2024-09-25T00:28:00.000Z";"2781";0.0578168787;0.0603186213;0.057294381;0.0584613716;72372943.62;2199695549.39;"2024-09-25T23:59:59.999Z"
"2024-09-24T00:00:00.000Z";"2024-09-24T23:59:59.999Z";"2024-09-24T08:14:00.000Z";"2024-09-24T14:38:00.000Z";"2781";0.0579715756;0.0580039953;0.0558769628;0.0578221912;51028685.12;2175445552.57;"2024-09-24T23:59:59.999Z"
"2024-09-23T00:00:00.000Z";"2024-09-23T23:59:59.999Z";"2024-09-23T23:57:00.000Z";"2024-09-23T00:21:00.000Z";"2781";0.0538452403;0.0579755975;0.0528442335;0.0579715756;63921455.75;2181266251.44;"2024-09-23T23:59:59.999Z"
"2024-09-22T00:00:00.000Z";"2024-09-22T23:59:59.999Z";"2024-09-22T00:01:00.000Z";"2024-09-22T22:12:00.000Z";"2781";0.0560629003;0.056077598;0.0525023563;0.0538452403;36714000.21;1993064814.57;"2024-09-22T23:59:59.999Z"
"2024-09-21T00:00:00.000Z";"2024-09-21T23:59:59.999Z";"2024-09-21T23:58:00.000Z";"2024-09-21T00:16:00.000Z";"2781";0.0527507906;0.056069781;0.052523418;0.0560629003;56294711.86;2075082264.38;"2024-09-21T23:59:59.999Z"
"2024-09-20T00:00:00.000Z";"2024-09-20T23:59:59.999Z";"2024-09-20T07:55:00.000Z";"2024-09-20T01:16:00.000Z";"2781";0.0516550216;0.0536471613;0.0510030423;0.0527496368;50170396.82;1952489603.24;"2024-09-20T23:59:59.999Z"
"2024-09-19T00:00:00.000Z";"2024-09-19T23:59:59.999Z";"2024-09-19T05:22:00.000Z";"2024-09-19T00:00:00.000Z";"2781";0.0506134846;0.0532689194;0.0506134846;0.0516546512;54621417.32;1911931394.22;"2024-09-19T23:59:59.999Z"
"2024-09-18T00:00:00.000Z";"2024-09-18T23:59:59.999Z";"2024-09-18T23:59:00.000Z";"2024-09-18T16:01:00.000Z";"2781";0.0498659848;0.0506134846;0.0484732124;0.0506134846;29501196.07;1873380498.19;"2024-09-18T23:59:59.999Z"
"2024-09-17T00:00:00.000Z";"2024-09-17T23:59:59.999Z";"2024-09-17T16:13:00.000Z";"2024-09-17T01:16:00.000Z";"2781";0.0494539964;0.0507714963;0.0489568044;0.0498659848;28530963.31;1845712941.59;"2024-09-17T23:59:59.999Z"
"2024-09-16T00:00:00.000Z";"2024-09-16T23:59:59.999Z";"2024-09-16T08:30:00.000Z";"2024-09-16T21:10:00.000Z";"2781";0.0501390257;0.05056983;0.049160599;0.0494540187;24290882.05;1830463825.63;"2024-09-16T23:59:59.999Z"
"2024-09-15T00:00:00.000Z";"2024-09-15T23:59:59.999Z";"2024-09-15T03:01:00.000Z";"2024-09-15T23:13:00.000Z";"2781";0.0516624276;0.0519459905;0.0498367482;0.0501390257;20342720.14;1853598448.29;"2024-09-15T23:59:59.999Z"
"2024-09-14T00:00:00.000Z";"2024-09-14T23:59:59.999Z";"2024-09-14T00:22:00.000Z";"2024-09-14T19:17:00.000Z";"2781";0.0523849117;0.0528878568;0.0512605251;0.0516624276;17355092.57;1909578435.37;"2024-09-14T23:59:59.999Z"
"2024-09-13T00:00:00.000Z";"2024-09-13T23:59:59.999Z";"2024-09-13T21:40:00.000Z";"2024-09-13T00:32:00.000Z";"2781";0.0505436234;0.0528839564;0.0504135053;0.0523849117;28392935.91;1936283333.62;"2024-09-13T23:59:59.999Z"
"2024-09-12T00:00:00.000Z";"2024-09-12T23:59:59.999Z";"2024-09-12T08:46:00.000Z";"2024-09-12T15:52:00.000Z";"2781";0.0500273981;0.0508814448;0.0498412163;0.0505436234;25858227.19;1868224505.77;"2024-09-12T23:59:59.999Z"
"2024-09-11T00:00:00.000Z";"2024-09-11T23:59:59.999Z";"2024-09-11T00:01:00.000Z";"2024-09-11T14:49:00.000Z";"2781";0.0509378382;0.0509394079;0.048805177;0.0500270245;29930263.61;1849129656.24;"2024-09-11T23:59:59.999Z"
"2024-09-10T00:00:00.000Z";"2024-09-10T23:59:59.999Z";"2024-09-10T20:25:00.000Z";"2024-09-10T04:01:00.000Z";"2781";0.0510784025;0.051160934;0.0500709969;0.0509378382;25720445.49;1882795715.73;"2024-09-10T23:59:59.999Z"
"2024-09-09T00:00:00.000Z";"2024-09-09T23:59:59.999Z";"2024-09-09T21:21:00.000Z";"2024-09-09T00:00:00.000Z";"2781";0.0494477824;0.0514901243;0.049440285;0.0510780025;28302192.46;1887991337.86;"2024-09-09T23:59:59.999Z"
"2024-09-08T00:00:00.000Z";"2024-09-08T23:59:59.999Z";"2024-09-08T09:17:00.000Z";"2024-09-08T00:46:00.000Z";"2781";0.0485831553;0.0499461441;0.0482307208;0.0494477824;21629393.99;1827719355.07;"2024-09-08T23:59:59.999Z"
"2024-09-07T00:00:00.000Z";"2024-09-07T23:59:59.999Z";"2024-09-07T15:31:00.000Z";"2024-09-07T01:57:00.000Z";"2781";0.0471203308;0.0489495548;0.0470245251;0.0485831553;20727721.14;1795755414.5;"2024-09-07T23:59:59.999Z"
"2024-09-06T00:00:00.000Z";"2024-09-06T23:59:59.999Z";"2024-09-06T13:24:00.000Z";"2024-09-06T21:03:00.000Z";"2781";0.0481777402;0.0488483045;0.0458479937;0.0471203308;43124762.39;1703305620.59;"2024-09-06T23:59:59.999Z"
"2024-09-05T00:00:00.000Z";"2024-09-05T23:59:59.999Z";"2024-09-05T00:31:00.000Z";"2024-09-05T19:46:00.000Z";"2781";0.0493116786;0.0496717063;0.0476452053;0.0481777402;29533083.76;1728448924.03;"2024-09-05T23:59:59.999Z"
"2024-09-04T00:00:00.000Z";"2024-09-04T23:59:59.999Z";"2024-09-04T16:35:00.000Z";"2024-09-04T01:13:00.000Z";"2781";0.0488631903;0.0506727929;0.0473953534;0.0493116786;38163867.62;1769130671.39;"2024-09-04T23:59:59.999Z"
"2024-09-03T00:00:00.000Z";"2024-09-03T23:59:59.999Z";"2024-09-03T02:19:00.000Z";"2024-09-03T23:31:00.000Z";"2781";0.0508115867;0.0516723983;0.0488315128;0.0488707144;29863813.15;1753040477.36;"2024-09-03T23:59:59.999Z"
"2024-09-02T00:00:00.000Z";"2024-09-02T23:59:59.999Z";"2024-09-02T21:06:00.000Z";"2024-09-02T05:02:00.000Z";"2781";0.047954777;0.0509475667;0.0479327027;0.0508115867;31736409.52;1822942131.21;"2024-09-02T23:59:59.999Z"
"2024-09-01T00:00:00.000Z";"2024-09-01T23:59:59.999Z";"2024-09-01T00:16:00.000Z";"2024-09-01T23:04:00.000Z";"2781";0.0499733574;0.0500530796;0.0477133653;0.047954777;30086737.2;1720449784.64;"2024-09-01T23:59:59.999Z"
"2024-08-31T00:00:00.000Z";"2024-08-31T23:59:59.999Z";"2024-08-31T00:37:00.000Z";"2024-08-31T17:53:00.000Z";"2781";0.0513690712;0.0516143826;0.0495860887;0.0499733574;18996257.88;1792869392.4;"2024-08-31T23:59:59.999Z"
"2024-08-30T00:00:00.000Z";"2024-08-30T23:59:59.999Z";"2024-08-30T10:17:00.000Z";"2024-08-30T16:02:00.000Z";"2781";0.0511426098;0.0518250532;0.0497433126;0.051369049;33663869.25;1842941930.34;"2024-08-30T23:59:59.999Z"
"2024-08-29T00:00:00.000Z";"2024-08-29T23:59:59.999Z";"2024-08-29T15:41:00.000Z";"2024-08-29T19:16:00.000Z";"2781";0.051328243;0.0529754029;0.0505771686;0.0511426098;36733137.62;1834818081.87;"2024-08-29T23:59:59.999Z"
"2024-08-28T00:00:00.000Z";"2024-08-28T23:59:59.999Z";"2024-08-28T10:02:00.000Z";"2024-08-28T16:37:00.000Z";"2781";0.0526041223;0.0539194965;0.0504882049;0.051328243;55103995.26;1841478044.56;"2024-08-28T23:59:59.999Z"
"2024-08-27T00:00:00.000Z";"2024-08-27T23:59:59.999Z";"2024-08-27T01:37:00.000Z";"2024-08-27T22:17:00.000Z";"2781";0.0560432218;0.0568198186;0.0512687455;0.0526041223;49781904.16;1887252136.19;"2024-08-27T23:59:59.999Z"
"2024-08-26T00:00:00.000Z";"2024-08-26T23:59:59.999Z";"2024-08-26T00:37:00.000Z";"2024-08-26T21:27:00.000Z";"2781";0.0590034443;0.0593739914;0.0556977232;0.0560432218;39311377.18;2010635014.97;"2024-08-26T23:59:59.999Z"
"2024-08-25T00:00:00.000Z";"2024-08-25T23:59:59.999Z";"2024-08-25T00:07:00.000Z";"2024-08-25T07:44:00.000Z";"2781";0.060464669;0.0604911033;0.0577720527;0.0590034443;38189681.53;2116837455.74;"2024-08-25T23:59:59.999Z"
"2024-08-24T00:00:00.000Z";"2024-08-24T23:59:59.999Z";"2024-08-24T20:30:00.000Z";"2024-08-24T04:01:00.000Z";"2781";0.0594911288;0.062009693;0.0586407549;0.060464669;42033847.75;2169261093.76;"2024-08-24T23:59:59.999Z"
"2024-08-23T00:00:00.000Z";"2024-08-23T23:59:59.999Z";"2024-08-23T22:10:00.000Z";"2024-08-23T00:05:00.000Z";"2781";0.0552745119;0.059901729;0.0551944845;0.0594911288;59326648.73;2134333872.08;"2024-08-23T23:59:59.999Z"
"2024-08-22T00:00:00.000Z";"2024-08-22T23:59:59.999Z";"2024-08-22T12:13:00.000Z";"2024-08-22T03:05:00.000Z";"2781";0.0547629226;0.0556162384;0.0541447721;0.0552745119;42976361.29;1983056388.18;"2024-08-22T23:59:59.999Z"
"2024-08-21T00:00:00.000Z";"2024-08-21T23:59:59.999Z";"2024-08-21T20:24:00.000Z";"2024-08-21T13:49:00.000Z";"2781";0.0536924833;0.0555766909;0.0524359823;0.0547629226;42884066.89;1964628261.79;"2024-08-21T23:59:59.999Z"
"2024-08-20T00:00:00.000Z";"2024-08-20T23:59:59.999Z";"2024-08-20T05:20:00.000Z";"2024-08-20T15:14:00.000Z";"2781";0.0543182474;0.0554691971;0.0530618868;0.0536924833;35694707.44;1926233076.67;"2024-08-20T23:59:59.999Z"
"2024-08-19T00:00:00.000Z";"2024-08-19T23:59:59.999Z";"2024-08-19T23:58:00.000Z";"2024-08-19T10:10:00.000Z";"2781";0.0531414382;0.0543445706;0.052388675;0.0543182474;38055223.62;1948682542.18;"2024-08-19T23:59:59.999Z"
"2024-08-18T00:00:00.000Z";"2024-08-18T23:59:59.999Z";"2024-08-18T13:45:00.000Z";"2024-08-18T07:58:00.000Z";"2781";0.0526429527;0.0549436296;0.0521647244;0.0531414382;28607171.24;1906464177.14;"2024-08-18T23:59:59.999Z"
"2024-08-17T00:00:00.000Z";"2024-08-17T23:59:59.999Z";"2024-08-17T22:10:00.000Z";"2024-08-17T11:04:00.000Z";"2781";0.0519877203;0.0527161105;0.0512115386;0.0526429527;20168789.53;1888580869.99;"2024-08-17T23:59:59.999Z"
"2024-08-16T00:00:00.000Z";"2024-08-16T23:59:59.999Z";"2024-08-16T07:48:00.000Z";"2024-08-16T15:37:00.000Z";"2781";0.0519530982;0.0526531642;0.0507683346;0.0519877203;38961641.02;1865074221.92;"2024-08-16T23:59:59.999Z"
"2024-08-15T00:00:00.000Z";"2024-08-15T23:59:59.999Z";"2024-08-15T04:25:00.000Z";"2024-08-15T21:54:00.000Z";"2781";0.0536202235;0.0542485527;0.0513059579;0.0519530982;46631160.08;1863305030.52;"2024-08-15T23:59:59.999Z"
"2024-08-14T00:00:00.000Z";"2024-08-14T23:59:59.999Z";"2024-08-14T12:45:00.000Z";"2024-08-14T20:32:00.000Z";"2781";0.0542753566;0.0552025918;0.0530058659;0.0536202235;35077186.55;1923096709.54;"2024-08-14T23:59:59.999Z"
"2024-08-13T00:00:00.000Z";"2024-08-13T23:59:59.999Z";"2024-08-13T17:13:00.000Z";"2024-08-13T10:25:00.000Z";"2781";0.0538392767;0.0546084782;0.0518346633;0.0542753566;38411143.24;1946593149.83;"2024-08-13T23:59:59.999Z"
"2024-08-12T00:00:00.000Z";"2024-08-12T23:59:59.999Z";"2024-08-12T15:05:00.000Z";"2024-08-12T07:22:00.000Z";"2781";0.0526480423;0.0554644873;0.0525949405;0.0538392767;38703999.35;1930953084.18;"2024-08-12T23:59:59.999Z"
"2024-08-11T00:00:00.000Z";"2024-08-11T23:59:59.999Z";"2024-08-11T09:22:00.000Z";"2024-08-11T22:37:00.000Z";"2781";0.0559081526;0.0573062344;0.0526405353;0.0526481682;31081601.16;1888229296.42;"2024-08-11T23:59:59.999Z"
"2024-08-10T00:00:00.000Z";"2024-08-10T23:59:59.999Z";"2024-08-10T00:25:00.000Z";"2024-08-10T04:55:00.000Z";"2781";0.0562619248;0.0570174289;0.0550347705;0.0559080197;30070099.12;2005153601.97;"2024-08-10T23:59:59.999Z"
"2024-08-09T00:00:00.000Z";"2024-08-09T23:59:59.999Z";"2024-08-09T00:01:00.000Z";"2024-08-09T21:25:00.000Z";"2781";0.0590270177;0.0590930137;0.055309851;0.0562619248;50945846.83;2017841691.13;"2024-08-09T23:59:59.999Z"
"2024-08-08T00:00:00.000Z";"2024-08-08T23:59:59.999Z";"2024-08-08T23:16:00.000Z";"2024-08-08T00:41:00.000Z";"2781";0.0513153312;0.05915629;0.0508728582;0.0590270177;58929467.15;2117012131.53;"2024-08-08T23:59:59.999Z"
"2024-08-07T00:00:00.000Z";"2024-08-07T23:59:59.999Z";"2024-08-07T05:40:00.000Z";"2024-08-07T22:29:00.000Z";"2781";0.0550652067;0.0570667294;0.0509753509;0.0513153312;63898591.1;1840431429.28;"2024-08-07T23:59:59.999Z"
"2024-08-06T00:00:00.000Z";"2024-08-06T23:59:59.999Z";"2024-08-06T19:29:00.000Z";"2024-08-06T00:02:00.000Z";"2781";0.052232871;0.0563708587;0.0521893453;0.0550655202;76703570.06;1974932475.15;"2024-08-06T23:59:59.999Z"
"2024-08-05T00:00:00.000Z";"2024-08-05T23:59:59.999Z";"2024-08-05T00:19:00.000Z";"2024-08-05T06:44:00.000Z";"2781";0.0552436126;0.0557371332;0.0457788536;0.052233197;213350288.07;1873339123.83;"2024-08-05T23:59:59.999Z"
"2024-08-04T00:00:00.000Z";"2024-08-04T23:59:59.999Z";"2024-08-04T06:05:00.000Z";"2024-08-04T17:46:00.000Z";"2781";0.0582252128;0.0587794748;0.0537735131;0.0552436126;60264684.91;1981302468.24;"2024-08-04T23:59:59.999Z"
"2024-08-03T00:00:00.000Z";"2024-08-03T23:59:59.999Z";"2024-08-03T00:25:00.000Z";"2024-08-03T18:34:00.000Z";"2781";0.0594572424;0.0596831315;0.0562602307;0.0582252128;50214283.19;2088237036.63;"2024-08-03T23:59:59.999Z"
"2024-08-02T00:00:00.000Z";"2024-08-02T23:59:59.999Z";"2024-08-02T00:46:00.000Z";"2024-08-02T21:34:00.000Z";"2781";0.0633637974;0.0639768365;0.0589906939;0.0594572424;58885222.75;2132423562.69;"2024-08-02T23:59:59.999Z"
"2024-08-01T00:00:00.000Z";"2024-08-01T23:59:59.999Z";"2024-08-01T22:36:00.000Z";"2024-08-01T18:13:00.000Z";"2781";0.0629764203;0.0637323077;0.05926029;0.0633644871;66324503.9;2272531471.85;"2024-08-01T23:59:59.999Z"
"2024-07-31T00:00:00.000Z";"2024-07-31T23:59:59.999Z";"2024-07-31T06:49:00.000Z";"2024-07-31T20:27:00.000Z";"2781";0.0659419133;0.0669041144;0.0625474434;0.0629764203;51471336.44;2258638259.08;"2024-07-31T23:59:59.999Z"
"2024-07-30T00:00:00.000Z";"2024-07-30T23:59:59.999Z";"2024-07-30T01:29:00.000Z";"2024-07-30T20:11:00.000Z";"2781";0.067092584;0.0681761633;0.0648870654;0.0659418581;35914628.47;2364991789.73;"2024-07-30T23:59:59.999Z"
"2024-07-29T00:00:00.000Z";"2024-07-29T23:59:59.999Z";"2024-07-29T08:23:00.000Z";"2024-07-29T16:55:00.000Z";"2781";0.0675321152;0.069338711;0.066649759;0.067092584;40182342.77;2406262348.04;"2024-07-29T23:59:59.999Z"
"2024-07-28T00:00:00.000Z";"2024-07-28T23:59:59.999Z";"2024-07-28T01:28:00.000Z";"2024-07-28T22:22:00.000Z";"2781";0.0687619901;0.0691660417;0.0668883372;0.0675321937;24672492.63;2422026050.88;"2024-07-28T23:59:59.999Z"
"2024-07-27T00:00:00.000Z";"2024-07-27T23:59:59.999Z";"2024-07-27T13:51:00.000Z";"2024-07-27T20:27:00.000Z";"2781";0.0682880112;0.0702248525;0.0676854063;0.0687619901;37969377.06;2466135270.29;"2024-07-27T23:59:59.999Z"
"2024-07-26T00:00:00.000Z";"2024-07-26T23:59:59.999Z";"2024-07-26T19:50:00.000Z";"2024-07-26T00:38:00.000Z";"2781";0.0660341478;0.0685453633;0.0659661948;0.0682880112;39503404.1;2449136112.21;"2024-07-26T23:59:59.999Z"
"2024-07-25T00:00:00.000Z";"2024-07-25T23:59:59.999Z";"2024-07-25T00:52:00.000Z";"2024-07-25T13:16:00.000Z";"2781";0.0665304443;0.066932647;0.0638891772;0.0660341478;58184675.61;2368301744.65;"2024-07-25T23:59:59.999Z"
"2024-07-24T00:00:00.000Z";"2024-07-24T23:59:59.999Z";"2024-07-24T14:38:00.000Z";"2024-07-24T21:34:00.000Z";"2781";0.0682624423;0.0702302947;0.0661709871;0.0665304443;37918434.92;2386101320.81;"2024-07-24T23:59:59.999Z"
"2024-07-23T00:00:00.000Z";"2024-07-23T23:59:59.999Z";"2024-07-23T02:47:00.000Z";"2024-07-23T17:08:00.000Z";"2781";0.0708500504;0.0714644052;0.0672222611;0.068261922;53148783.17;2448200426.53;"2024-07-23T23:59:59.999Z"
"2024-07-22T00:00:00.000Z";"2024-07-22T23:59:59.999Z";"2024-07-22T00:40:00.000Z";"2024-07-22T23:15:00.000Z";"2781";0.0747051916;0.0753032115;0.0707033408;0.0708500504;38670682.51;2541023142.78;"2024-07-22T23:59:59.999Z"
"2024-07-21T00:00:00.000Z";"2024-07-21T23:59:59.999Z";"2024-07-21T02:46:00.000Z";"2024-07-21T18:13:00.000Z";"2781";0.0746777411;0.0757886374;0.070635185;0.0747051916;41615297.62;2673966320.45;"2024-07-21T23:59:59.999Z"
"2024-07-20T00:00:00.000Z";"2024-07-20T23:59:59.999Z";"2024-07-20T00:11:00.000Z";"2024-07-20T13:53:00.000Z";"2781";0.0747235846;0.0759132655;0.0734092091;0.0746775669;35115954.32;2672983765.56;"2024-07-20T23:59:59.999Z"
"2024-07-19T00:00:00.000Z";"2024-07-19T23:59:59.999Z";"2024-07-19T21:24:00.000Z";"2024-07-19T08:20:00.000Z";"2781";0.0727212369;0.075598461;0.071506689;0.0747235846;49797704.03;2674624671.26;"2024-07-19T23:59:59.999Z"
"2024-07-18T00:00:00.000Z";"2024-07-18T23:59:59.999Z";"2024-07-18T00:58:00.000Z";"2024-07-18T19:25:00.000Z";"2781";0.0753184861;0.07615838;0.0710607867;0.0727259668;47321693.28;2603122775.2;"2024-07-18T23:59:59.999Z"
"2024-07-17T00:00:00.000Z";"2024-07-17T23:59:59.999Z";"2024-07-17T15:22:00.000Z";"2024-07-17T23:59:00.000Z";"2781";0.076600953;0.0789075117;0.0753078971;0.0753078971;50938106.03;2695539308.21;"2024-07-17T23:59:59.999Z"
"2024-07-16T00:00:00.000Z";"2024-07-16T23:59:59.999Z";"2024-07-16T04:26:00.000Z";"2024-07-16T10:22:00.000Z";"2781";0.0783008622;0.0792237363;0.0749792197;0.0765943138;59788492.31;2741584765.51;"2024-07-16T23:59:59.999Z"
"2024-07-15T00:00:00.000Z";"2024-07-15T23:59:59.999Z";"2024-07-15T22:49:00.000Z";"2024-07-15T00:21:00.000Z";"2781";0.072121612;0.0792410828;0.0719177706;0.0783004439;60636359.45;2801888571.1;"2024-07-15T23:59:59.999Z"
"2024-07-14T00:00:00.000Z";"2024-07-14T23:59:59.999Z";"2024-07-14T01:28:00.000Z";"2024-07-14T14:07:00.000Z";"2781";0.0713480398;0.0731120392;0.0694918508;0.072103426;39830188.29;2579942863.83;"2024-07-14T23:59:59.999Z"
"2024-07-13T00:00:00.000Z";"2024-07-13T23:59:59.999Z";"2024-07-13T23:43:00.000Z";"2024-07-13T05:06:00.000Z";"2781";0.0673275944;0.0719804278;0.0669474757;0.0713394006;39507657.54;2552605200.69;"2024-07-13T23:59:59.999Z"
"2024-07-12T00:00:00.000Z";"2024-07-12T23:59:59.999Z";"2024-07-12T18:47:00.000Z";"2024-07-12T10:23:00.000Z";"2781";0.0656483645;0.0675854503;0.0648099929;0.0673228158;34419102.24;2408887210.12;"2024-07-12T23:59:59.999Z"
"2024-07-11T00:00:00.000Z";"2024-07-11T23:59:59.999Z";"2024-07-11T12:52:00.000Z";"2024-07-11T22:55:00.000Z";"2781";0.0664301889;0.0686109758;0.0654263295;0.065644739;42453171.17;2348843709.45;"2024-07-11T23:59:59.999Z"
"2024-07-10T00:00:00.000Z";"2024-07-10T23:59:59.999Z";"2024-07-10T06:59:00.000Z";"2024-07-10T20:35:00.000Z";"2781";0.0678009634;0.0692748754;0.0655354591;0.0664282176;39263454.78;2376877466.06;"2024-07-10T23:59:59.999Z"
"2024-07-09T00:00:00.000Z";"2024-07-09T23:59:59.999Z";"2024-07-09T08:49:00.000Z";"2024-07-09T00:35:00.000Z";"2781";0.0663334786;0.0690001419;0.0661480022;0.0677804767;46840208.8;2425262841.31;"2024-07-09T23:59:59.999Z"
"2024-07-08T00:00:00.000Z";"2024-07-08T23:59:59.999Z";"2024-07-08T09:31:00.000Z";"2024-07-08T01:27:00.000Z";"2781";0.0645867391;0.0683478948;0.0627518293;0.0663474785;61583828.1;2373988530.77;"2024-07-08T23:59:59.999Z"
"2024-07-07T00:00:00.000Z";"2024-07-07T23:59:59.999Z";"2024-07-07T00:00:00.000Z";"2024-07-07T23:52:00.000Z";"2781";0.0700413992;0.0700413992;0.0642924166;0.064567311;38043479.23;2310292103.71;"2024-07-07T23:59:59.999Z"
"2024-07-06T00:00:00.000Z";"2024-07-06T23:59:59.999Z";"2024-07-06T21:11:00.000Z";"2024-07-06T02:13:00.000Z";"2781";0.0671094154;0.0709398339;0.0663202004;0.0700655343;45279016.56;2507024809.61;"2024-07-06T23:59:59.999Z"
"2024-07-05T00:00:00.000Z";"2024-07-05T23:59:59.999Z";"2024-07-05T19:13:00.000Z";"2024-07-05T04:20:00.000Z";"2781";0.066283138;0.0688333226;0.059455011;0.0671105279;113563298.63;2401291308.21;"2024-07-05T23:59:59.999Z"
"2024-07-04T00:00:00.000Z";"2024-07-04T23:59:59.999Z";"2024-07-04T00:43:00.000Z";"2024-07-04T23:45:00.000Z";"2781";0.0721360176;0.0724438304;0.0661718658;0.0663077672;64942740.69;2372567669.75;"2024-07-04T23:59:59.999Z"
"2024-07-03T00:00:00.000Z";"2024-07-03T23:59:59.999Z";"2024-07-03T00:42:00.000Z";"2024-07-03T20:59:00.000Z";"2781";0.0780229833;0.0782422508;0.0716720781;0.0721324352;60525402.63;2579534845.54;"2024-07-03T23:59:59.999Z"
"2024-07-02T00:00:00.000Z";"2024-07-02T23:59:59.999Z";"2024-07-02T18:55:00.000Z";"2024-07-02T02:41:00.000Z";"2781";0.0766926405;0.0790561359;0.0760369751;0.078024471;44610610.31;2790240494.5;"2024-07-02T23:59:59.999Z"
"2024-07-01T00:00:00.000Z";"2024-07-01T23:59:59.999Z";"2024-07-01T02:01:00.000Z";"2024-07-01T14:22:00.000Z";"2781";0.0765160742;0.07835401;0.0748526374;0.0767035569;45770636.47;2743003160.81;"2024-07-01T23:59:59.999Z"
"2024-06-30T00:00:00.000Z";"2024-06-30T23:59:59.999Z";"2024-06-30T09:14:00.000Z";"2024-06-30T20:16:00.000Z";"2781";0.0761191394;0.0773048376;0.0750507293;0.0765211667;34347136.44;2736480689.06;"2024-06-30T23:59:59.999Z"
"2024-06-29T00:00:00.000Z";"2024-06-29T23:59:59.999Z";"2024-06-29T02:21:00.000Z";"2024-06-29T23:51:00.000Z";"2781";0.0768018702;0.0780404807;0.0759585417;0.0761160807;23738382.47;2721994369.48;"2024-06-29T23:59:59.999Z"
"2024-06-28T00:00:00.000Z";"2024-06-28T23:59:59.999Z";"2024-06-28T12:40:00.000Z";"2024-06-28T22:22:00.000Z";"2781";0.0786160008;0.0797264981;0.076517582;0.0767939917;35484865.47;2746237207.65;"2024-06-28T23:59:59.999Z"
"2024-06-27T00:00:00.000Z";"2024-06-27T23:59:59.999Z";"2024-06-27T14:28:00.000Z";"2024-06-27T06:19:00.000Z";"2781";0.0761121928;0.0800397779;0.0751240711;0.0786194273;37000761.33;2811516785.55;"2024-06-27T23:59:59.999Z"
"2024-06-26T00:00:00.000Z";"2024-06-26T23:59:59.999Z";"2024-06-26T02:19:00.000Z";"2024-06-26T19:07:00.000Z";"2781";0.0787552702;0.0798790729;0.0749020721;0.076111699;33616517.31;2721837675.27;"2024-06-26T23:59:59.999Z"
"2024-06-25T00:00:00.000Z";"2024-06-25T23:59:59.999Z";"2024-06-25T11:32:00.000Z";"2024-06-25T00:46:00.000Z";"2781";0.0775408888;0.0806716548;0.0771620861;0.0787474019;41230303.79;2816093294.27;"2024-06-25T23:59:59.999Z"
"2024-06-24T00:00:00.000Z";"2024-06-24T23:59:59.999Z";"2024-06-24T23:43:00.000Z";"2024-06-24T20:31:00.000Z";"2781";0.076221508;0.07773712;0.0735773892;0.0775373151;64352935.23;2772819265.82;"2024-06-24T23:59:59.999Z"
"2024-06-23T00:00:00.000Z";"2024-06-23T23:59:59.999Z";"2024-06-23T04:04:00.000Z";"2024-06-23T23:43:00.000Z";"2781";0.0778605741;0.079413873;0.0758397689;0.0762113669;28314542.75;2725401906.47;"2024-06-23T23:59:59.999Z"
"2024-06-22T00:00:00.000Z";"2024-06-22T23:59:59.999Z";"2024-06-22T00:00:00.000Z";"2024-06-22T08:23:00.000Z";"2781";0.0787238911;0.0787238911;0.0775280559;0.0778546645;23994807.79;2784168027.57;"2024-06-22T23:59:59.999Z"
"2024-06-21T00:00:00.000Z";"2024-06-21T23:59:59.999Z";"2024-06-21T04:26:00.000Z";"2024-06-21T21:34:00.000Z";"2781";0.0803406634;0.0817706674;0.078215757;0.0786952863;46646234.04;2814127621.65;"2024-06-21T23:59:59.999Z"
"2024-06-20T00:00:00.000Z";"2024-06-20T23:59:59.999Z";"2024-06-20T11:10:00.000Z";"2024-06-20T00:10:00.000Z";"2781";0.0804772496;0.0848289781;0.0802485446;0.080323784;51565043.26;2872362372.18;"2024-06-20T23:59:59.999Z"
"2024-06-19T00:00:00.000Z";"2024-06-19T23:59:59.999Z";"2024-06-19T07:55:00.000Z";"2024-06-19T00:34:00.000Z";"2781";0.0777106342;0.0819698502;0.0773575021;0.0804772496;52969834.05;2877850271.57;"2024-06-19T23:59:59.999Z"
"2024-06-18T00:00:00.000Z";"2024-06-18T23:59:59.999Z";"2024-06-18T00:02:00.000Z";"2024-06-18T01:46:00.000Z";"2781";0.0801921284;0.0802379831;0.0728910014;0.0777216378;109567241.28;2779310149.37;"2024-06-18T23:59:59.999Z"
"2024-06-17T00:00:00.000Z";"2024-06-17T23:59:59.999Z";"2024-06-17T00:46:00.000Z";"2024-06-17T16:22:00.000Z";"2781";0.0863334968;0.0866254949;0.0788691946;0.0801967069;71687413;2867818123.33;"2024-06-17T23:59:59.999Z"
"2024-06-16T00:00:00.000Z";"2024-06-16T23:59:59.999Z";"2024-06-16T23:04:00.000Z";"2024-06-16T01:07:00.000Z";"2781";0.084815752;0.0867478332;0.0840378132;0.0863362656;31769667.73;3087367507.22;"2024-06-16T23:59:59.999Z"
"2024-06-15T00:00:00.000Z";"2024-06-15T23:59:59.999Z";"2024-06-15T00:46:00.000Z";"2024-06-15T22:39:00.000Z";"2781";0.0863209623;0.0864805466;0.0846493765;0.084807008;31767754.43;3031992054.24;"2024-06-15T23:59:59.999Z"
"2024-06-14T00:00:00.000Z";"2024-06-14T23:59:59.999Z";"2024-06-14T13:56:00.000Z";"2024-06-14T19:55:00.000Z";"2781";0.0883039339;0.0904148984;0.0846355912;0.086329441;64623589.08;3086421574.5;"2024-06-14T23:59:59.999Z"
"2024-06-13T00:00:00.000Z";"2024-06-13T23:59:59.999Z";"2024-06-13T01:16:00.000Z";"2024-06-13T21:29:00.000Z";"2781";0.0917437771;0.0922369405;0.0873285939;0.0883173437;60896338.16;3157492414.06;"2024-06-13T23:59:59.999Z"
"2024-06-12T00:00:00.000Z";"2024-06-12T23:59:59.999Z";"2024-06-12T15:05:00.000Z";"2024-06-12T01:49:00.000Z";"2781";0.0873535187;0.0937927629;0.0860096682;0.091744298;75727633.24;3280016737.01;"2024-06-12T23:59:59.999Z"
"2024-06-11T00:00:00.000Z";"2024-06-11T23:59:59.999Z";"2024-06-11T01:34:00.000Z";"2024-06-11T15:46:00.000Z";"2781";0.0891123796;0.0898541762;0.0845299066;0.0873561328;82665312.67;3123132269.4;"2024-06-11T23:59:59.999Z"
"2024-06-10T00:00:00.000Z";"2024-06-10T23:59:59.999Z";"2024-06-10T01:37:00.000Z";"2024-06-10T20:26:00.000Z";"2781";0.0914382368;0.0915592782;0.0886379469;0.0891133969;60224377.25;3185957487.88;"2024-06-10T23:59:59.999Z"
"2024-06-09T00:00:00.000Z";"2024-06-09T23:59:59.999Z";"2024-06-09T23:30:00.000Z";"2024-06-09T02:59:00.000Z";"2781";0.0903343462;0.0915408939;0.0892461533;0.0914420022;40561635.35;3269049885.48;"2024-06-09T23:59:59.999Z"
"2024-06-08T00:00:00.000Z";"2024-06-08T23:59:59.999Z";"2024-06-08T03:49:00.000Z";"2024-06-08T17:37:00.000Z";"2781";0.0940075563;0.0941396765;0.0891825863;0.0903330488;59069044.56;3229404819.03;"2024-06-08T23:59:59.999Z"
"2024-06-07T00:00:00.000Z";"2024-06-07T23:59:59.999Z";"2024-06-07T05:46:00.000Z";"2024-06-07T18:16:00.000Z";"2781";0.1014155481;0.1019102376;0.0862757989;0.0940074358;119718255.03;3360764087.7;"2024-06-07T23:59:59.999Z"
"2024-06-06T00:00:00.000Z";"2024-06-06T23:59:59.999Z";"2024-06-06T01:49:00.000Z";"2024-06-06T20:04:00.000Z";"2781";0.104454221;0.1050274375;0.1002146283;0.1014155338;52088500.54;3625603453.99;"2024-06-06T23:59:59.999Z"
"2024-06-05T00:00:00.000Z";"2024-06-05T23:59:59.999Z";"2024-06-05T21:50:00.000Z";"2024-06-05T02:59:00.000Z";"2781";0.1024654436;0.1054564493;0.1020362464;0.104454221;59157260.99;3734236466.32;"2024-06-05T23:59:59.999Z"
"2024-06-04T00:00:00.000Z";"2024-06-04T23:59:59.999Z";"2024-06-04T19:25:00.000Z";"2024-06-04T09:19:00.000Z";"2781";0.1013589068;0.1025276209;0.0999291839;0.1024654436;55139144.06;3663137710.86;"2024-06-04T23:59:59.999Z"
"2024-06-03T00:00:00.000Z";"2024-06-03T23:59:59.999Z";"2024-06-03T13:09:00.000Z";"2024-06-03T00:47:00.000Z";"2781";0.0991971388;0.103705206;0.0984498432;0.1013589068;62883209.08;3623579038.49;"2024-06-03T23:59:59.999Z"
"2024-06-02T00:00:00.000Z";"2024-06-02T23:59:59.999Z";"2024-06-02T01:34:00.000Z";"2024-06-02T18:07:00.000Z";"2781";0.0999195841;0.1004079736;0.0977643249;0.0991971388;52115937.18;3546295874.76;"2024-06-02T23:59:59.999Z"
"2024-06-01T00:00:00.000Z";"2024-06-01T23:59:59.999Z";"2024-06-01T02:22:00.000Z";"2024-06-01T10:59:00.000Z";"2781";0.1001794761;0.1003879594;0.0996900183;0.0999195841;29122678.52;3572123281.35;"2024-06-01T23:59:59.999Z"
"2024-05-31T00:00:00.000Z";"2024-05-31T23:59:59.999Z";"2024-05-31T12:40:00.000Z";"2024-05-31T16:25:00.000Z";"2781";0.100643196;0.1016401305;0.0980918572;0.1001794578;53148402.78;3581413760.4;"2024-05-31T23:59:59.999Z"
"2024-05-30T00:00:00.000Z";"2024-05-30T23:59:59.999Z";"2024-05-30T02:25:00.000Z";"2024-05-30T08:25:00.000Z";"2781";0.1030941729;0.1048697254;0.1000168049;0.100643196;59105146.29;3597992390.07;"2024-05-30T23:59:59.999Z"
"2024-05-29T00:00:00.000Z";"2024-05-29T23:59:59.999Z";"2024-05-29T10:13:00.000Z";"2024-05-29T23:49:00.000Z";"2781";0.1043355302;0.1072670838;0.1030007029;0.1030941779;66269669.48;3685614770.61;"2024-05-29T23:59:59.999Z"
"2024-05-28T00:00:00.000Z";"2024-05-28T23:59:59.999Z";"2024-05-28T00:03:00.000Z";"2024-05-28T18:55:00.000Z";"2781";0.106743229;0.1068051514;0.1028973458;0.1043406735;65060949.7;3729993271.86;"2024-05-28T23:59:59.999Z"